snapshot_date,product_id,query_version,video_result_count,video_views_total,video_comments_total,search_total_results_approx,result_cap_hit
2026-10-03,P003,v1,50,152898223,120686,1000000,true
2026-10-03,P006,v1,50,10299427,10571,1000000,true
2026-10-03,P016,v1,50,6726628,6272,795284,true
2026-10-03,P018,v1,50,11461350,4578,1000000,true
2026-10-03,P035,v1,50,46689966,16868,340374,true
2026-10-03,P043,v1,50,12305229,9180,1000000,true
2026-10-03,P044,v1,50,28944645,23458,1000000,true
2026-10-03,P046,v1,50,8358389,12544,1000000,true
2026-10-03,P057,v1,50,32834222,44656,1000000,true
2026-10-03,P059,v1,50,22404127,33260,1000000,true
2026-10-03,P044,v2,50,16672972,23615,79349,true
2026-10-03,P057,v2,50,49349679,42619,1000000,true
2026-10-04,P026,v1,50,6878038,10768,1000000,true
2026-10-04,P027,v1,50,39580439,39966,1000000,true
2026-10-04,P033,v1,50,24356838,14028,1000000,true
2026-10-04,P039,v1,50,21983637,20215,475871,true
2026-10-04,P045,v1,50,19299036,16677,505853,true
2026-10-04,P001,v1,50,98784514,80017,1000000,true
2026-10-04,P002,v1,50,29304184,27749,1000000,true
2026-10-04,P004,v1,50,25014019,28439,1000000,true
2026-10-04,P005,v1,50,18920630,24782,1000000,true
2026-10-04,P007,v1,50,12468711,6692,958319,true
2026-10-04,P008,v1,50,26177158,28224,1000000,true
2026-10-04,P009,v1,50,23527882,28928,1000000,true
2026-10-04,P010,v1,50,17797388,21317,1000000,true
2026-10-04,P011,v1,50,5491248,4916,1000000,true
2026-10-04,P012,v1,50,10251447,8115,1000000,true
2026-10-04,P013,v1,50,14765669,11722,1000000,true
2026-10-04,P014,v1,50,3612500,4204,127780,true
2026-10-04,P015,v1,50,10908133,8344,1000000,true
2026-10-04,P017,v1,50,3923083,2672,483076,true
2026-10-04,P019,v1,50,6181766,6009,222812,true
2026-10-04,P020,v1,50,7700651,11144,1000000,true
2026-10-04,P021,v1,50,731539,430,172158,true
2026-10-04,P022,v1,50,15094713,9009,1000000,true
2026-10-04,P023,v1,50,17615652,13693,435032,true
2026-10-04,P024,v1,50,4702790,4060,1000000,true
2026-10-04,P025,v1,50,31619962,25119,1000000,true
2026-10-04,P028,v1,50,49198487,28013,1000000,true
2026-10-04,P029,v1,50,116793998,11671,988430,true
2026-10-04,P030,v1,50,31240909,19224,659628,true
2026-10-04,P031,v1,50,9130636,6633,691983,true
2026-10-04,P032,v1,50,21758154,15621,989274,true
2026-10-04,P034,v1,50,32295866,38003,1000000,true
2026-10-04,P036,v1,50,19757967,15761,1000000,true
2026-10-04,P037,v1,50,16858752,14998,1000000,true
2026-10-04,P038,v1,50,22952406,41122,1000000,true
2026-10-04,P040,v1,50,16662417,16393,482112,true
2026-10-04,P041,v1,50,23687851,20165,1000000,true
2026-10-04,P042,v1,50,17571297,10662,1000000,true
2026-10-04,P047,v1,50,16939078,16449,1000000,true
2026-10-04,P048,v1,50,23463368,33418,1000000,true
2026-10-04,P049,v1,50,52536876,30247,1000000,true
2026-10-04,P050,v1,50,97610488,32120,1000000,true
2026-10-04,P051,v1,50,66450593,46636,1000000,true
2026-10-04,P052,v1,50,54785777,30227,1000000,true
2026-10-04,P053,v1,50,92522727,68470,1000000,true
2026-10-04,P054,v1,50,108821830,85471,1000000,true
2026-10-04,P055,v1,50,50979567,23797,1000000,true
2026-10-04,P056,v1,50,25157300,25874,1000000,true
2026-10-04,P058,v1,50,37530048,32916,1000000,true
2026-10-04,P060,v1,50,38889859,24424,481919,true
2026-10-04,P003,v1,50,176007732,117356,1000000,true
2026-10-04,P006,v1,50,15271145,19199,1000000,true
2026-10-04,P016,v1,50,2954875,3620,797930,true
2026-10-04,P018,v1,50,10742394,7395,1000000,true
2026-10-04,P035,v1,50,20653237,14655,339255,true
2026-10-04,P043,v1,50,15416960,10741,1000000,true
2026-10-04,P044,v1,50,28674143,28386,1000000,true
2026-10-04,P046,v1,50,11573477,10646,1000000,true
2026-10-04,P057,v2,50,48792663,43033,1000000,true
2026-10-04,P059,v1,50,22743779,37162,1000000,true
