date,units,search_calls,method,run_timestamp
2026-10-03,1,1,search.list,2026-10-03T16:25:21Z
2026-10-03,1,0,videos.list,2026-10-03T16:25:21Z
2026-10-03,1,0,commentThreads.list,2026-10-03T16:25:21Z
2026-10-03,1,0,commentThreads.list,2026-10-03T16:25:21Z
2026-10-03,1,0,commentThreads.list,2026-10-03T16:25:21Z
2026-10-03,1,0,commentThreads.list,2026-10-03T16:25:21Z
2026-10-03,1,0,commentThreads.list,2026-10-03T16:25:21Z
2026-10-03,1,1,search.list,2026-10-03T16:25:21Z
2026-10-03,1,0,videos.list,2026-10-03T16:25:21Z
2026-10-03,1,0,commentThreads.list,2026-10-03T16:25:21Z
2026-10-03,1,0,commentThreads.list,2026-10-03T16:25:21Z
2026-10-03,1,0,commentThreads.list,2026-10-03T16:25:21Z
2026-10-03,1,0,commentThreads.list,2026-10-03T16:25:21Z
2026-10-03,1,0,commentThreads.list,2026-10-03T16:25:21Z
2026-10-03,1,1,search.list,2026-10-03T16:25:21Z
2026-10-03,1,0,videos.list,2026-10-03T16:25:21Z
2026-10-03,1,0,commentThreads.list,2026-10-03T16:25:21Z
2026-10-03,1,0,commentThreads.list,2026-10-03T16:25:21Z
2026-10-03,1,0,commentThreads.list,2026-10-03T16:25:21Z
2026-10-03,1,0,commentThreads.list,2026-10-03T16:25:21Z
2026-10-03,1,0,commentThreads.list,2026-10-03T16:25:21Z
2026-10-03,1,1,search.list,2026-10-03T16:25:21Z
2026-10-03,1,0,videos.list,2026-10-03T16:25:21Z
2026-10-03,1,0,commentThreads.list,2026-10-03T16:25:21Z
2026-10-03,1,0,commentThreads.list,2026-10-03T16:25:21Z
2026-10-03,1,0,commentThreads.list,2026-10-03T16:25:21Z
2026-10-03,1,0,commentThreads.list,2026-10-03T16:25:21Z
2026-10-03,1,0,commentThreads.list,2026-10-03T16:25:21Z
2026-10-03,1,1,search.list,2026-10-03T16:25:21Z
2026-10-03,1,0,videos.list,2026-10-03T16:25:21Z
2026-10-03,1,0,commentThreads.list,2026-10-03T16:25:21Z
2026-10-03,1,0,commentThreads.list,2026-10-03T16:25:21Z
2026-10-03,1,0,commentThreads.list,2026-10-03T16:25:21Z
2026-10-03,1,0,commentThreads.list,2026-10-03T16:25:21Z
2026-10-03,1,0,commentThreads.list,2026-10-03T16:25:21Z
2026-10-03,1,1,search.list,2026-10-03T16:25:21Z
2026-10-03,1,0,videos.list,2026-10-03T16:25:21Z
2026-10-03,1,0,commentThreads.list,2026-10-03T16:25:21Z
2026-10-03,1,0,commentThreads.list,2026-10-03T16:25:21Z
2026-10-03,1,0,commentThreads.list,2026-10-03T16:25:21Z
2026-10-03,1,0,commentThreads.list,2026-10-03T16:25:21Z
2026-10-03,1,0,commentThreads.list,2026-10-03T16:25:21Z
2026-10-03,1,1,search.list,2026-10-03T16:25:21Z
2026-10-03,1,0,videos.list,2026-10-03T16:25:21Z
2026-10-03,1,0,commentThreads.list,2026-10-03T16:25:21Z
2026-10-03,1,0,commentThreads.list,2026-10-03T16:25:21Z
2026-10-03,1,0,commentThreads.list,2026-10-03T16:25:21Z
2026-10-03,1,0,commentThreads.list,2026-10-03T16:25:21Z
2026-10-03,1,0,commentThreads.list,2026-10-03T16:25:21Z
2026-10-03,1,1,search.list,2026-10-03T16:25:21Z
2026-10-03,1,0,videos.list,2026-10-03T16:25:21Z
2026-10-03,1,0,commentThreads.list,2026-10-03T16:25:21Z
2026-10-03,1,0,commentThreads.list,2026-10-03T16:25:21Z
2026-10-03,1,0,commentThreads.list,2026-10-03T16:25:21Z
2026-10-03,1,0,commentThreads.list,2026-10-03T16:25:21Z
2026-10-03,1,0,commentThreads.list,2026-10-03T16:25:21Z
2026-10-03,1,1,search.list,2026-10-03T16:25:21Z
2026-10-03,1,0,videos.list,2026-10-03T16:25:21Z
2026-10-03,1,0,commentThreads.list,2026-10-03T16:25:21Z
2026-10-03,1,0,commentThreads.list,2026-10-03T16:25:21Z
2026-10-03,1,0,commentThreads.list,2026-10-03T16:25:21Z
2026-10-03,1,0,commentThreads.list,2026-10-03T16:25:21Z
2026-10-03,1,0,commentThreads.list,2026-10-03T16:25:21Z
2026-10-03,1,1,search.list,2026-10-03T16:25:21Z
2026-10-03,1,0,videos.list,2026-10-03T16:25:21Z
2026-10-03,1,0,commentThreads.list,2026-10-03T16:25:21Z
2026-10-03,1,0,commentThreads.list,2026-10-03T16:25:21Z
2026-10-03,1,0,commentThreads.list,2026-10-03T16:25:21Z
2026-10-03,1,0,commentThreads.list,2026-10-03T16:25:21Z
2026-10-03,1,0,commentThreads.list,2026-10-03T16:25:21Z
