snapshot_date,product_id,query_version,window_days,published_after,videos_published_7d,videos_7d_on_target,cap_hit,search_total_results_approx
2026-10-03,P003,v1,7,2026-09-26T16:43:35Z,50,37,true,52608
2026-10-03,P006,v1,7,2026-09-26T16:43:36Z,50,23,true,380
2026-10-03,P016,v1,7,2026-09-26T16:43:37Z,50,26,true,190
2026-10-03,P035,v1,7,2026-09-26T16:43:37Z,46,25,false,212
2026-10-03,P043,v1,7,2026-09-26T16:43:38Z,18,13,false,1031
2026-10-03,P046,v1,7,2026-09-26T16:43:39Z,34,7,false,1067
2026-10-03,P059,v1,7,2026-09-26T16:43:40Z,37,3,false,547
2026-10-03,P018,v1,7,2026-09-26T16:59:16Z,50,22,true,351
2026-10-03,P044,v1,7,2026-09-26T16:59:17Z,50,3,true,4258
2026-10-03,P057,v2,7,2026-09-26T16:59:18Z,12,10,false,926
