product_id,trends_days,trends_first,trends_last,trends_missing_values,youtube_snapshots,youtube_matched,youtube_unmatched,youtube_coverage,recent_snapshots,recent_matched,recent_unmatched,recent_coverage,in_registry
P001,269,2026-01-08,2026-10-03,0,1,0,1,0.0000,0,0,0,0.0000,True
P002,269,2026-01-08,2026-10-03,0,1,0,1,0.0000,0,0,0,0.0000,True
P003,269,2026-01-08,2026-10-03,0,2,1,1,0.0037,1,1,0,0.0037,True
P004,269,2026-01-08,2026-10-03,0,1,0,1,0.0000,0,0,0,0.0000,True
P005,269,2026-01-08,2026-10-03,0,1,0,1,0.0000,0,0,0,0.0000,True
P006,269,2026-01-08,2026-10-03,0,2,1,1,0.0037,1,1,0,0.0037,True
P007,269,2026-01-08,2026-10-03,0,1,0,1,0.0000,0,0,0,0.0000,True
P008,269,2026-01-08,2026-10-03,0,1,0,1,0.0000,0,0,0,0.0000,True
P009,269,2026-01-08,2026-10-03,0,1,0,1,0.0000,0,0,0,0.0000,True
P010,269,2026-01-08,2026-10-03,0,1,0,1,0.0000,0,0,0,0.0000,True
P011,269,2026-01-08,2026-10-03,0,1,0,1,0.0000,0,0,0,0.0000,True
P012,269,2026-01-08,2026-10-03,0,1,0,1,0.0000,0,0,0,0.0000,True
P013,269,2026-01-08,2026-10-03,0,1,0,1,0.0000,0,0,0,0.0000,True
P014,269,2026-01-08,2026-10-03,0,1,0,1,0.0000,0,0,0,0.0000,True
P015,269,2026-01-08,2026-10-03,0,1,0,1,0.0000,0,0,0,0.0000,True
P016,269,2026-01-08,2026-10-03,0,2,1,1,0.0037,1,1,0,0.0037,True
P017,269,2026-01-08,2026-10-03,0,1,0,1,0.0000,0,0,0,0.0000,True
P018,269,2026-01-08,2026-10-03,0,2,1,1,0.0037,1,1,0,0.0037,True
P019,269,2026-01-08,2026-10-03,0,1,0,1,0.0000,0,0,0,0.0000,True
P020,269,2026-01-08,2026-10-03,0,1,0,1,0.0000,0,0,0,0.0000,True
P021,269,2026-01-08,2026-10-03,0,1,0,1,0.0000,0,0,0,0.0000,True
P022,269,2026-01-08,2026-10-03,0,1,0,1,0.0000,0,0,0,0.0000,True
P023,269,2026-01-08,2026-10-03,0,1,0,1,0.0000,0,0,0,0.0000,True
P024,269,2026-01-08,2026-10-03,0,1,0,1,0.0000,0,0,0,0.0000,True
P025,269,2026-01-08,2026-10-03,0,1,0,1,0.0000,0,0,0,0.0000,True
P026,269,2026-01-08,2026-10-03,0,1,0,1,0.0000,0,0,0,0.0000,True
P027,269,2026-01-08,2026-10-03,0,1,0,1,0.0000,0,0,0,0.0000,True
P028,269,2026-01-08,2026-10-03,0,1,0,1,0.0000,0,0,0,0.0000,True
P029,269,2026-01-08,2026-10-03,0,1,0,1,0.0000,0,0,0,0.0000,True
P030,269,2026-01-08,2026-10-03,0,1,0,1,0.0000,0,0,0,0.0000,True
P031,269,2026-01-08,2026-10-03,0,1,0,1,0.0000,0,0,0,0.0000,True
P032,269,2026-01-08,2026-10-03,0,1,0,1,0.0000,0,0,0,0.0000,True
P033,269,2026-01-08,2026-10-03,0,1,0,1,0.0000,0,0,0,0.0000,True
P034,269,2026-01-08,2026-10-03,0,1,0,1,0.0000,0,0,0,0.0000,True
P035,269,2026-01-08,2026-10-03,0,2,1,1,0.0037,1,1,0,0.0037,True
P036,269,2026-01-08,2026-10-03,0,1,0,1,0.0000,0,0,0,0.0000,True
P037,269,2026-01-08,2026-10-03,0,1,0,1,0.0000,0,0,0,0.0000,True
P038,269,2026-01-08,2026-10-03,0,1,0,1,0.0000,0,0,0,0.0000,True
P039,269,2026-01-08,2026-10-03,0,1,0,1,0.0000,0,0,0,0.0000,True
P040,269,2026-01-08,2026-10-03,0,1,0,1,0.0000,0,0,0,0.0000,True
P041,269,2026-01-08,2026-10-03,0,1,0,1,0.0000,0,0,0,0.0000,True
P042,269,2026-01-08,2026-10-03,0,1,0,1,0.0000,0,0,0,0.0000,True
P043,269,2026-01-08,2026-10-03,0,2,1,1,0.0037,1,1,0,0.0037,True
P044,269,2026-01-08,2026-10-03,0,2,1,1,0.0037,1,1,0,0.0037,True
P045,269,2026-01-08,2026-10-03,0,1,0,1,0.0000,0,0,0,0.0000,True
P046,269,2026-01-08,2026-10-03,0,2,1,1,0.0037,1,1,0,0.0037,True
P047,269,2026-01-08,2026-10-03,0,1,0,1,0.0000,0,0,0,0.0000,True
P048,269,2026-01-08,2026-10-03,0,1,0,1,0.0000,0,0,0,0.0000,True
P049,269,2026-01-08,2026-10-03,0,1,0,1,0.0000,0,0,0,0.0000,True
P050,269,2026-01-08,2026-10-03,0,1,0,1,0.0000,0,0,0,0.0000,True
P051,269,2026-01-08,2026-10-03,0,1,0,1,0.0000,0,0,0,0.0000,True
P052,269,2026-01-08,2026-10-03,0,1,0,1,0.0000,0,0,0,0.0000,True
P053,269,2026-01-08,2026-10-03,0,1,0,1,0.0000,0,0,0,0.0000,True
P054,269,2026-01-08,2026-10-03,0,1,0,1,0.0000,0,0,0,0.0000,True
P055,269,2026-01-08,2026-10-03,0,1,0,1,0.0000,0,0,0,0.0000,True
P056,269,2026-01-08,2026-10-03,0,1,0,1,0.0000,0,0,0,0.0000,True
P057,269,2026-01-08,2026-10-03,0,2,1,1,0.0037,1,1,0,0.0037,True
P058,269,2026-01-08,2026-10-03,0,1,0,1,0.0000,0,0,0,0.0000,True
P059,269,2026-01-08,2026-10-03,0,2,1,1,0.0037,1,1,0,0.0037,True
P060,269,2026-01-08,2026-10-03,0,1,0,1,0.0000,0,0,0,0.0000,True
ALL,16140,2026-01-08,2026-10-03,0,70,10,60,0.0006,10,10,0,0.0006,
