product_id,product_name,brand,product_type,is_pilot,trends_rows,trends_first,trends_last,zero_share,low_signal_product,peak_value,peak_date,mean_interest,last_7d_mean,youtube_snapshots,youtube_latest_snapshot,youtube_query_version,youtube_videos,youtube_comments,comments_emoji_only_share,comments_non_english_share,video_views_total,views_on_target_total,videos_on_target,on_target_share,low_on_target_share,videos_published_7d,videos_7d_on_target,recent_cap_hit,usable,issues
P001,Apple iPhone 18 Pro,Apple,RISING,False,269,2026-01-08,2026-10-03,0.0186,False,100.0,2026-09-10,6.12,15.0,1,2026-10-04,v1,50,500,0.0,0.008,98784514,55288560,33,0.66,False,50,24,True,True,
P002,Apple iPhone 18 Pro Max,Apple,RISING,False,269,2026-01-08,2026-10-03,0.0,False,100.0,2026-09-10,6.94,15.14,1,2026-10-04,v1,50,500,0.0,0.012,29304184,15633822,39,0.78,False,50,39,True,True,
P003,Apple iPhone Duo,Apple,RISING,True,269,2026-01-08,2026-10-03,0.9071,True,100.0,2026-09-10,1.45,5.14,2,2026-10-04,v1,50,400,0.0,0.0125,176007732,148331618,46,0.92,False,50,37,True,False,low signal (zero share 91%)
P004,Samsung Galaxy Z Fold 8,Samsung,RISING,False,269,2026-01-08,2026-10-03,0.5353,True,100.0,2026-07-23,4.58,5.43,1,2026-10-04,v1,50,500,0.006,0.016,25014019,23645024,45,0.9,False,50,38,True,False,low signal (zero share 54%)
P005,Samsung Galaxy Z Fold 8 Ultra,Samsung,RISING,False,269,2026-01-08,2026-10-03,0.7546,True,100.0,2026-07-23,6.47,14.86,1,2026-10-04,v1,50,500,0.004,0.008,18920630,4166472,35,0.7,False,50,24,True,False,low signal (zero share 75%)
P006,Samsung Galaxy Z Flip 8,Samsung,RISING,True,269,2026-01-08,2026-10-03,0.8587,True,100.0,2026-07-23,5.03,21.86,2,2026-10-04,v1,50,500,0.004,0.0,15271145,4267170,42,0.84,False,50,23,True,False,low signal (zero share 86%)
P007,Samsung Galaxy S26 FE,Samsung,RISING,False,269,2026-01-08,2026-10-03,0.7323,True,100.0,2026-08-28,2.41,5.57,1,2026-10-04,v1,50,500,0.032,0.016,12468711,11239475,47,0.94,False,50,39,True,False,low signal (zero share 73%)
P008,Google Pixel 11,Google,RISING,False,269,2026-01-08,2026-10-03,0.0037,False,100.0,2026-08-13,11.38,35.29,1,2026-10-04,v1,50,500,0.006,0.006,26177158,13083434,41,0.82,False,50,10,True,True,
P009,Google Pixel 11 Pro,Google,RISING,False,269,2026-01-08,2026-10-03,0.4052,False,100.0,2026-08-15,7.35,19.0,1,2026-10-04,v1,50,500,0.006,0.006,23527882,8388383,25,0.5,True,50,18,True,False,low on-target share (50%)
P010,Google Pixel 11 Pro XL,Google,RISING,False,269,2026-01-08,2026-10-03,0.7658,True,100.0,2026-08-23,9.2,33.71,1,2026-10-04,v1,50,500,0.004,0.012,17797388,5435563,36,0.72,False,50,30,True,False,low signal (zero share 77%)
P011,OnePlus 16,OnePlus,RISING,False,269,2026-01-08,2026-10-03,0.0037,False,100.0,2026-09-20,5.97,13.57,1,2026-10-04,v1,50,433,0.0185,0.0393,5491248,5228316,48,0.96,False,50,43,True,True,
P012,Redmi Note 17 Pro,Redmi,RISING,False,269,2026-01-08,2026-10-03,0.539,True,100.0,2026-09-16,5.5,24.0,1,2026-10-04,v1,50,440,0.0114,0.0409,10251447,7368666,28,0.56,True,50,23,True,False,"low signal (zero share 54%), low on-target share (56%)"
P013,Redmi Note 17 Pro Max,Redmi,RISING,False,269,2026-01-08,2026-10-03,0.7584,True,100.0,2026-09-01,2.66,11.86,1,2026-10-04,v1,50,481,0.0146,0.0229,14765669,8074968,35,0.7,False,50,29,True,False,low signal (zero share 76%)
P014,Redmi 17C 5G,Redmi,RISING,False,269,2026-01-08,2026-10-03,0.9442,True,100.0,2026-10-02,2.14,46.57,1,2026-10-04,v1,50,371,0.0404,0.062,3612500,185575,31,0.62,False,50,48,True,False,low signal (zero share 94%)
P015,Poco X8,Poco,RISING,False,269,2026-01-08,2026-10-03,0.0669,False,100.0,2026-03-19,4.7,4.71,1,2026-10-04,v1,50,500,0.018,0.028,10908133,3294890,24,0.48,True,50,8,True,False,low on-target share (48%)
P016,Poco X8 Power,Poco,RISING,True,269,2026-01-08,2026-10-03,0.8587,True,100.0,2026-09-06,1.57,3.14,2,2026-10-04,v1,50,426,0.0117,0.0094,2954875,533896,37,0.74,False,50,26,True,False,low signal (zero share 86%)
P017,Vivo V80,Vivo,RISING,False,269,2026-01-08,2026-10-03,0.4981,False,100.0,2026-09-23,5.72,68.71,1,2026-10-04,v1,50,288,0.0139,0.0382,3923083,3782869,46,0.92,False,50,44,True,True,
P018,Vivo T5 5G,Vivo,RISING,True,269,2026-01-08,2026-10-03,0.0409,False,100.0,2026-09-02,16.91,24.14,2,2026-10-04,v1,50,443,0.0113,0.0316,10742394,6466103,39,0.78,False,50,18,True,True,
P019,iQOO Z11,iQOO,RISING,False,269,2026-01-08,2026-10-03,0.0297,False,100.0,2026-08-06,8.25,8.29,1,2026-10-04,v1,50,500,0.012,0.036,6181766,5859375,48,0.96,False,31,19,False,True,
P020,Oppo Reno 16,Oppo,RISING,False,269,2026-01-08,2026-10-03,0.0074,False,100.0,2026-07-02,15.69,33.57,1,2026-10-04,v1,50,387,0.0181,0.0336,7700651,6708158,43,0.86,False,50,29,True,True,
P021,Oppo F35 Pro,Oppo,RISING,False,269,2026-01-08,2026-10-03,0.9405,True,100.0,2026-10-02,2.15,57.14,1,2026-10-04,v1,50,147,0.0544,0.0408,731539,412184,42,0.84,False,50,47,True,False,low signal (zero share 94%)
P022,Motorola Edge 70 Max,Motorola,RISING,False,269,2026-01-08,2026-10-03,0.684,True,100.0,2026-07-13,3.91,4.57,1,2026-10-04,v1,50,500,0.016,0.036,15094713,4727248,37,0.74,False,46,26,False,False,low signal (zero share 68%)
P023,Nothing Phone (4b),Nothing,RISING,False,269,2026-01-08,2026-10-03,0.6171,True,100.0,2026-06-23,3.68,6.57,1,2026-10-04,v1,50,499,0.004,0.02,17615652,13557296,41,0.82,False,49,21,False,False,low signal (zero share 62%)
P024,Infinix Hot 70 Pro 5G,Infinix,RISING,False,269,2026-01-08,2026-10-03,0.8067,True,100.0,2026-09-06,6.3,16.71,1,2026-10-04,v1,50,500,0.004,0.02,4702790,4102582,48,0.96,False,50,35,True,False,low signal (zero share 81%)
P025,Apple iPhone 17,Apple,STABLE,False,269,2026-01-08,2026-10-03,0.0,False,100.0,2026-09-10,13.59,18.14,1,2026-10-04,v1,50,500,0.006,0.01,31619962,27860304,44,0.88,False,50,14,True,True,
P026,Apple iPhone 17e,Apple,STABLE,False,269,2026-01-08,2026-10-03,0.0743,False,100.0,2026-03-03,6.16,5.0,1,2026-10-04,v1,50,500,0.01,0.012,6878038,6601709,46,0.92,False,50,2,True,True,
P027,Samsung Galaxy S26 Ultra,Samsung,STABLE,False,269,2026-01-08,2026-10-03,0.0,False,100.0,2026-02-26,12.16,9.29,1,2026-10-04,v1,50,489,0.0123,0.0368,39580439,36881207,48,0.96,False,50,49,True,True,
P028,Samsung Galaxy S26,Samsung,STABLE,False,269,2026-01-08,2026-10-03,0.0,False,100.0,2026-02-26,14.72,13.86,1,2026-10-04,v1,50,489,0.0041,0.0593,49198487,20550764,28,0.56,True,50,4,True,False,low on-target share (56%)
P029,Samsung Galaxy S26 Plus,Samsung,STABLE,False,269,2026-01-08,2026-10-03,0.8253,True,100.0,2026-02-26,8.88,25.71,1,2026-10-04,v1,50,500,0.018,0.044,116793998,10031651,31,0.62,False,50,5,True,False,low signal (zero share 83%)
P030,Samsung Galaxy A57 5G,Samsung,STABLE,False,269,2026-01-08,2026-10-03,0.1524,False,100.0,2026-03-26,6.06,4.86,1,2026-10-04,v1,50,411,0.0316,0.0389,31240909,22567211,38,0.76,False,50,31,True,True,
P031,Samsung Galaxy A37 5G,Samsung,STABLE,False,269,2026-01-08,2026-10-03,0.2639,False,100.0,2026-03-26,6.11,5.71,1,2026-10-04,v1,50,341,0.0147,0.0381,9130636,4876849,36,0.72,False,48,27,False,True,
P032,Samsung Galaxy A17 5G,Samsung,STABLE,False,269,2026-01-08,2026-10-03,0.0037,False,100.0,2026-08-15,55.64,59.57,1,2026-10-04,v1,50,440,0.0045,0.2477,21758154,11423252,35,0.7,False,47,30,False,True,
P033,Google Pixel 10a,Google,STABLE,False,269,2026-01-08,2026-10-03,0.0186,False,100.0,2026-02-19,18.6,36.29,1,2026-10-04,v1,50,500,0.01,0.048,24356838,24229813,48,0.96,False,50,31,True,True,
P034,OnePlus 15,OnePlus,STABLE,False,269,2026-01-08,2026-10-03,0.0,False,100.0,2026-08-11,31.59,26.0,1,2026-10-04,v1,50,452,0.0044,0.0354,32295866,31424085,46,0.92,False,50,20,True,True,
P035,OnePlus 15R,OnePlus,STABLE,True,269,2026-01-08,2026-10-03,0.0,False,100.0,2026-01-16,51.01,38.57,2,2026-10-04,v1,50,399,0.01,0.0201,20653237,16814234,46,0.92,False,45,23,False,True,
P036,OnePlus Nord 6,OnePlus,STABLE,False,269,2026-01-08,2026-10-03,0.0,False,100.0,2026-04-08,18.09,16.0,1,2026-10-04,v1,50,482,0.0104,0.027,19757967,19112938,47,0.94,False,39,21,False,True,
P037,Nothing Phone (4a),Nothing,STABLE,False,269,2026-01-08,2026-10-03,0.0706,False,100.0,2026-03-06,10.96,10.86,1,2026-10-04,v1,50,390,0.0103,0.0077,16858752,10476529,33,0.66,False,50,15,True,True,
P038,Nothing Phone (3),Nothing,STABLE,False,269,2026-01-08,2026-10-03,0.0074,False,100.0,2026-07-07,37.25,48.57,1,2026-10-04,v1,50,500,0.004,0.01,22952406,18377669,45,0.9,False,27,12,False,True,
P039,Vivo X300 Pro,Vivo,STABLE,False,269,2026-01-08,2026-10-03,0.0,False,100.0,2026-01-10,54.5,45.14,1,2026-10-04,v1,50,500,0.026,0.026,21983637,19056558,39,0.78,False,50,18,True,True,
P040,Vivo X300,Vivo,STABLE,False,269,2026-01-08,2026-10-03,0.0,False,100.0,2026-05-06,24.19,23.43,1,2026-10-04,v1,50,439,0.0433,0.0911,16662417,11529998,37,0.74,False,50,10,True,True,
P041,iQOO 15,iQOO,STABLE,False,269,2026-01-08,2026-10-03,0.0,False,100.0,2026-02-24,35.74,37.29,1,2026-10-04,v1,50,500,0.042,0.018,23687851,13007561,35,0.7,False,50,19,True,True,
P042,Realme 16 Pro Plus,Realme,STABLE,False,269,2026-01-08,2026-10-03,0.0074,False,100.0,2026-01-08,16.88,15.0,1,2026-10-04,v1,50,500,0.012,0.05,17571297,10802628,37,0.74,False,26,8,False,True,
P043,Realme GT 8 Pro,Realme,STABLE,True,269,2026-01-08,2026-10-03,0.1004,False,100.0,2026-09-06,32.62,34.14,2,2026-10-04,v1,50,500,0.018,0.026,15416960,15416960,50,1.0,False,19,13,False,True,
P044,Motorola Edge 70,Motorola,STABLE,True,269,2026-01-08,2026-10-03,0.0,False,100.0,2026-08-10,24.23,38.57,2,2026-10-04,v1,50,500,0.01,0.024,28674143,20759761,33,0.66,False,50,3,True,True,
P045,Oppo Find X9 Pro,Oppo,STABLE,False,269,2026-01-08,2026-10-03,0.0074,False,100.0,2026-07-19,36.86,30.0,1,2026-10-04,v1,50,500,0.002,0.03,19299036,15080862,38,0.76,False,50,14,True,True,
P046,Oppo Reno 15,Oppo,STABLE,True,269,2026-01-08,2026-10-03,0.0,False,100.0,2026-01-08,22.88,20.0,2,2026-10-04,v1,50,364,0.033,0.0247,11573477,8728187,43,0.86,False,41,12,False,True,
P047,Redmi Note 15 Pro Plus,Redmi,STABLE,False,269,2026-01-08,2026-10-03,0.0149,False,100.0,2026-01-29,22.24,21.14,1,2026-10-04,v1,50,447,0.0134,0.0604,16939078,14680899,46,0.92,False,35,9,False,True,
P048,Poco F7,Poco,STABLE,False,269,2026-01-08,2026-10-03,0.0,False,100.0,2026-04-05,58.25,66.14,1,2026-10-04,v1,50,400,0.0025,0.0225,23463368,22818393,49,0.98,False,45,24,False,True,
P049,Apple iPhone 17 Pro,Apple,DECLINING,False,269,2026-01-08,2026-10-03,0.0,False,100.0,2026-09-10,19.44,25.86,1,2026-10-04,v1,50,497,0.0161,0.006,52536876,35368311,40,0.8,False,50,14,True,True,
P050,Apple iPhone 17 Pro Max,Apple,DECLINING,False,269,2026-01-08,2026-10-03,0.0,False,100.0,2026-09-10,26.57,27.29,1,2026-10-04,v1,50,500,0.02,0.018,97610488,71678996,41,0.82,False,50,33,True,True,
P051,Apple iPhone 16,Apple,DECLINING,False,269,2026-01-08,2026-10-03,0.0,False,100.0,2026-09-10,23.99,26.29,1,2026-10-04,v1,50,500,0.018,0.02,66450593,45386618,43,0.86,False,50,17,True,True,
P052,Apple iPhone 15,Apple,DECLINING,False,269,2026-01-08,2026-10-03,0.0,False,100.0,2026-09-10,34.9,40.29,1,2026-10-04,v1,50,500,0.002,0.024,54785777,50889689,46,0.92,False,50,14,True,True,
P053,Samsung Galaxy S25 Ultra,Samsung,DECLINING,False,269,2026-01-08,2026-10-03,0.0,False,100.0,2026-03-21,11.2,7.57,1,2026-10-04,v1,50,500,0.0,0.008,92522727,92522727,50,1.0,False,50,29,True,True,
P054,Samsung Galaxy S24 Ultra,Samsung,DECLINING,False,269,2026-01-08,2026-10-03,0.0037,False,100.0,2026-02-15,44.42,29.29,1,2026-10-04,v1,50,500,0.002,0.008,108821830,107305267,49,0.98,False,50,31,True,True,
P055,Samsung Galaxy Z Fold 7,Samsung,DECLINING,False,269,2026-01-08,2026-10-03,0.119,False,100.0,2026-07-23,23.4,20.71,1,2026-10-04,v1,50,430,0.0023,0.0233,50979567,37362400,45,0.9,False,50,16,True,True,
P056,Google Pixel 10 Pro,Google,DECLINING,False,269,2026-01-08,2026-10-03,0.0037,False,100.0,2026-02-15,19.03,14.57,1,2026-10-04,v1,50,435,0.0069,0.0115,25157300,19405706,35,0.7,False,50,12,True,True,
P057,Google Pixel 9,Google,DECLINING,True,269,2026-01-08,2026-10-03,0.0,False,100.0,2026-03-08,62.87,72.71,2,2026-10-04,v2,50,442,0.0,0.0271,48792663,20342132,33,0.66,False,13,11,False,True,
P058,OnePlus 13,OnePlus,DECLINING,False,269,2026-01-08,2026-10-03,0.0,False,100.0,2026-01-15,32.51,33.0,1,2026-10-04,v1,50,500,0.018,0.026,37530048,21947748,44,0.88,False,31,9,False,True,
P059,Redmi Note 14 Pro Plus,Redmi,DECLINING,True,269,2026-01-08,2026-10-03,0.0297,False,100.0,2026-01-25,43.91,46.71,2,2026-10-04,v1,50,494,0.0142,0.0344,22743779,19842429,46,0.92,False,35,2,False,True,
P060,Vivo X200 Pro,Vivo,DECLINING,False,269,2026-01-08,2026-10-03,0.0074,False,100.0,2026-01-15,49.91,44.29,1,2026-10-04,v1,50,420,0.0238,0.0452,38889859,21407185,43,0.86,False,22,5,False,True,
