snapshot_date,product_id,query_version,video_result_count,video_views_total,video_comments_total,search_total_results_approx,result_cap_hit,videos_on_target,views_on_target_total,comments_on_target_total,on_target_share,low_on_target_share
2026-10-03,P003,v1,50,152898223,120686,1000000,True,46,125250483,95178,0.92,False
2026-10-03,P006,v1,50,10299427,10571,1000000,True,46,5511804,4869,0.92,False
2026-10-03,P016,v1,50,6726628,6272,795284,True,40,4038524,4136,0.8,False
2026-10-03,P018,v1,50,11461350,4578,1000000,True,43,7765027,3967,0.86,False
2026-10-03,P035,v1,50,46689966,16868,340374,True,46,42855829,16216,0.92,False
2026-10-03,P043,v1,50,12305229,9180,1000000,True,48,12261596,9052,0.96,False
2026-10-03,P044,v1,50,28944645,23458,1000000,True,28,21840155,14948,0.56,True
2026-10-03,P046,v1,50,8358389,12544,1000000,True,47,7593334,10312,0.94,False
2026-10-03,P057,v2,50,49349679,42619,1000000,True,32,20077104,12298,0.64,False
2026-10-03,P059,v1,50,22404127,33260,1000000,True,48,20913146,32952,0.96,False
