snapshot_date,product_id,query_version,video_id,title,channel_id,published_at,view_count,like_count,comment_count
2026-10-03,P003,v1,-4ZHytn6LgM,Apple iPhone Duo Exclusive First Look - World's Best Foldable!🔥🔥🔥,UCOhHO2ICt0ti9KAh-QHvttQ,2026-09-10T01:17:19Z,864870,7971,690
2026-10-03,P003,v1,2lGCu91XyHU,iPhone 18 Pro/ Pro Max and Duo- the Ugandan Launch Review,UCHhwXDk8FMGeoQXibO6cxpA,2026-10-01T05:30:23Z,73085,2280,283
2026-10-03,P003,v1,3PWe2BOMTfE,【iPhone Duo 続報】実機で分かった 大きさ・薄さ・折り目・文字入力・ケース【実機解説・10月16日 予約開始】,UCmWVwb1NqEe1PuVf199ii-w,2026-10-02T10:00:35Z,113171,624,37
2026-10-03,P003,v1,49313FuJ3us,iPhone Duo Hands On & First Impressions 🔥 Apple’s First Foldable iPhone! | Telugu,UCb-xXZ7ltTvrh9C6DgB9H-Q,2026-09-16T11:30:05Z,956698,13550,320
2026-10-03,P003,v1,5pV3D14y1FQ,iPhone Duo/18 Pro Hands On - I wasn’t ready,UCMiJRAwDNSNzuYeN2uWa0pA,2026-09-10T07:11:46Z,16801545,153197,12676
2026-10-03,P003,v1,6AkGhTBtR4o,iPhone Duo Hands On!,UCMiJRAwDNSNzuYeN2uWa0pA,2026-09-09T20:20:43Z,15716707,474558,12077
2026-10-03,P003,v1,6D__H_DO2Xk,iPhone Duo: What We Missed!,UCBJycsmduvYEL83R_U4JriQ,2026-09-12T21:36:57Z,12444399,153466,12946
2026-10-03,P003,v1,6Tve9mDy3LU,iPhone Duo Hands-On,UC_TdF-rtQ8N53wHNbknPxkA,2026-09-09T23:40:05Z,993293,7712,1299
2026-10-03,P003,v1,7Ws9Aj3iYFk,"Apple Iphone duo unboxing and review , #iphoneduo #iphonefold",UCia40Y7tqUX8qLm-ZCi5orA,2026-09-10T01:46:18Z,1388669,6341,216
2026-10-03,P003,v1,AR6VPvZDEW8,I Spent 2 Hours with the iPhone DUO and 18 Pro Max !,UCdoDYkupTElV62K7ttA_E4w,2026-09-10T09:04:54Z,893641,8783,845
2026-10-03,P003,v1,AvWZX9fiJdw,Apple Tricked You With iPhone Duo #apple #iphoneduo #zfold8 #iphoneduovsfold8,UC5wexc7Ylb_jWSHhD5UiYnQ,2026-09-27T16:03:29Z,168135,2300,566
2026-10-03,P003,v1,CEgynoERrqc,iPhone Duo Impressions - They NAILED This,UCVYamHliCI9rw1tHR1xbkfw,2026-09-10T07:20:39Z,2042247,34763,4086
2026-10-03,P003,v1,EXtxtXkJNyk,I Want to Love the iPhone Duo. Here’s My One Concern...,UChjRM_qQAaOAiLNbOGbYcRA,2026-09-29T18:11:12Z,132586,1528,291
2026-10-03,P003,v1,EiAmyzzVhts,iPhone Duo: Don’t Pre-Order Until You Watch This,UCik8xvfR6s8GQ74QNEGNzwg,2026-09-30T15:02:20Z,102812,1322,314
2026-10-03,P003,v1,HSEy4Xjy7sE,"iPhone Duo, My *Honest* Thoughts!!",UCmbwoE496OVMs3_T02TZ6-w,2026-09-19T18:15:31Z,383940,5987,93
2026-10-03,P003,v1,Hva_4auJEFU,iPhone Duo: The 5 Features That Matter Most,UCaFGDBmGK_jw66u3av2Ysjw,2026-10-01T16:13:07Z,148848,1892,244
2026-10-03,P003,v1,M2Twmj-AvOg,iPhone 18 Pro Max Review But I Don't Waste Your Time,UCcdoCX9WJZZrhXHmpvhgc7A,2026-10-02T01:35:26Z,44232,538,48
2026-10-03,P003,v1,Od6M0AXpcxQ,iPhone 18 Pro/Duo Impressions: Mogged,UCBJycsmduvYEL83R_U4JriQ,2026-09-10T07:29:55Z,27508017,363984,24897
2026-10-03,P003,v1,Q3FcCNXUoU8,Don't Buy the New iPhone Duo! ⚠️,UC-CSyyi47VX1lD9zyeABW3w,2026-09-11T12:36:56Z,18700095,862001,12670
2026-10-03,P003,v1,R2m9ZeYppMo,3 Things that may surprise you about the iPhone Duo,UCcxPrkNMjUIpVoW9Vkm0uyg,2026-10-02T15:50:04Z,26523,829,69
2026-10-03,P003,v1,R6yNUnRXZ64,iPhone Duo is here,UCBJycsmduvYEL83R_U4JriQ,2026-09-10T07:02:22Z,7416085,202792,4474
2026-10-03,P003,v1,RwzC-nTafDk,iPhone Duo Real TRUTH 🔥 My Experience,UC20sXo8ReewkzNKBFgzVCPA,2026-09-18T11:28:55Z,906534,10219,301
2026-10-03,P003,v1,Tx-R81uKmKc,iPhone Duo & iPhone 18 Pro is here,UCrkP7L7oieiejXdQHWLqYIg,2026-09-09T18:45:46Z,4746430,224811,1299
2026-10-03,P003,v1,UKI0UE8Z0GM,Apple Didn’t Tell Us Everything About iPhone Duo,UChjRM_qQAaOAiLNbOGbYcRA,2026-09-28T17:35:07Z,129172,1828,131
2026-10-03,P003,v1,UvR22wkjMj0,I Used the iPhone Duo for the First Time!,UC1tVU8H153ZFO9eRsxdJlhA,2026-09-17T14:43:53Z,1316436,12850,886
2026-10-03,P003,v1,VK0SWxoqzTs,iPhone Duo...You Had Me At Hello,UCzmwnZ_ZElg6kuE6e5QS4pg,2026-10-02T22:48:52Z,124033,2296,298
2026-10-03,P003,v1,VoR2ymGKgsc,iPhone Duo Pre-Order Soldout!?: Do This First!,UCdV8E_Ca22hjQh1-REttX2A,2026-10-01T14:15:06Z,16581,223,81
2026-10-03,P003,v1,Vq-pYCyFEQw,Don’t buy iPhone Duo before watching this 😳 Best offers inside!,UCAnVEUKmO_0BFbaneK4D5CA,2026-09-10T04:52:56Z,3426,82,4
2026-10-03,P003,v1,XOnSGB4kPw8,iPhone Duo...I Have Concerns,UCzmwnZ_ZElg6kuE6e5QS4pg,2026-10-02T22:49:24Z,72906,1466,322
2026-10-03,P003,v1,XRKjMvfYV0o,iPhone Duo Hands-On - What You NEED to Know!,UCzlXf-yUIaOpOjEjPrOO9TA,2026-09-10T01:39:07Z,1457471,9648,2044
2026-10-03,P003,v1,_1R5FKG_MC0,China made a better iPhone Duo 😭,UCE7spuKzxP1k8A-XucxxUAQ,2026-10-03T00:33:55Z,1459069,96485,1811
2026-10-03,P003,v1,aH_ISAlfj4o,The iPhone Duo Has A HUGE Problem #iphoneduo #apple #iphoneduovsfold8 #iphoneduocomparison,UC5wexc7Ylb_jWSHhD5UiYnQ,2026-10-01T17:20:26Z,146961,1745,714
2026-10-03,P003,v1,aUpBU4RpL-g,iPhone DUO vs iPhone 18 Pro Max - I Should Have Known,UCbeOyqSQT-v-wlLfTGsUlMQ,2026-10-01T12:00:07Z,168670,1497,299
2026-10-03,P003,v1,cdp520XlKyE,iPhone Duo is UNIQUE - MOST EXPENSIVE ! #shorts,UCdoDYkupTElV62K7ttA_E4w,2026-09-10T05:26:26Z,3115070,106223,2238
2026-10-03,P003,v1,dm-ISSgW_-k,APPLE GAVE ME AN iPHONE DUO,UCWsDFcIhY2DBi3GB5uykGXA,2026-09-09T20:41:50Z,8553208,311189,4024
2026-10-03,P003,v1,eYBEJBfq_Zs,Xiaomi made an iPhone Duo. It’s Unhinged.,UCMiJRAwDNSNzuYeN2uWa0pA,2026-09-22T10:48:08Z,17594136,164276,12999
2026-10-03,P003,v1,gpqhJv2Op9I,iPhone Duo Hands On & First Look ⚡ The Future of iPhones? 🔥📱,UCLBb_DFkEf9z4AAFNrIU3xg,2026-09-10T08:37:56Z,102868,2059,38
2026-10-03,P003,v1,i8p-Mk6-5sA,The iPhone Duo Reminds Me of Another Duo..,UCCKQStaJH5LuMGHHeM9Y-OA,2026-10-03T12:26:21Z,3865,239,83
2026-10-03,P003,v1,isPcDpFgS8I,Phone DUO заменит мне MacBook. И вот почему,UCp0-MDHoD9mYnIgdQqA5JIg,2026-09-30T19:54:35Z,22406,459,280
2026-10-03,P003,v1,j-1cRJ-k-ks,iPhone Duo Hands-On - Watch BEFORE You Buy!,UCIrrRLyFMVmmL9NDAU2obJA,2026-09-10T03:55:06Z,601052,5642,668
2026-10-03,P003,v1,jl_8rboDpyE,iPhone Duo ❌ for Small Girlies?🫪😱first impressions! #iphoneduo #apple #iphone,UC6vHUVCAJkZkR7PO-wVivGQ,2026-09-20T07:04:46Z,1567283,34173,330
2026-10-03,P003,v1,mZeRU_kDwzs,iPhone Duo First Impressions | Worth 3 Lakh?,UCgl4mMudw205_I9_jQvG5eA,2026-09-18T08:45:04Z,156349,1490,218
2026-10-03,P003,v1,nmfJRLxuka0,先行体験したiPhone Duoについてこんな質問がありました# #iphone #iphoneduo,UCN-ew7WiC3QUKyu1-IEMu6g,2026-09-30T09:00:10Z,54495,361,11
2026-10-03,P003,v1,pCHTGswyXsA,iPhone Duo vs Galaxy Z Fold 8 - Samsung COOKED Apple...,UCdqs-ItofPRWvLm3mM1dNlg,2026-10-01T14:10:33Z,34023,209,46
2026-10-03,P003,v1,pZPNwQvntNs,iPhone Duo: Don't Pre-Order It Until You Know This,UCcFbNIAUVRlzXOyhbEvpthQ,2026-09-28T15:00:05Z,24776,74,126
2026-10-03,P003,v1,q-C8qy8a6TI,iPhone Duo - DON'T WASTE YOUR MONEY!,UCQgC5luoDkJYjnM0222uJIg,2026-09-30T17:23:37Z,67937,1100,374
2026-10-03,P003,v1,rV0bPtzDYck,iPhone Duo kopen? Je kan ook wachten op de iPhone XX,UCDmYblK8ScOM4LEfXCQNzCw,2026-10-01T17:30:27Z,63505,466,68
2026-10-03,P003,v1,s-GMouvWIIk,iPhone Duo Features Samsung Doesn't Have,UCwzkIBttlFZYgN0q66KFTPw,2026-09-10T01:52:36Z,3414868,123285,1833
2026-10-03,P003,v1,tkochDgDKc8,The iPhone Duo doesn’t feel like a first gen product #apple #iphoneduo #techtok #applefoldable,UCUWfOBn38flALuUABXdALkA,2026-10-01T20:34:48Z,30748,824,16
2026-10-03,P003,v1,utjr5QCZZYc,"iPhone Duo at 1.5 lakh? 🤯 [Xiaomi 18 Fold, iPhone Duo, Folding Xiaomi #shorts #apple #iphone",UCfUSk_VjD_ajZhrqL4cOVDw,2026-10-01T11:41:47Z,24347,637,3
2026-10-03,P006,v1,-UItPF9dUiU,Samsung Galaxy Z Flip 8 vs Samsung Galaxy Z Flip 7,UCmAvmg7u6LmzAVqIcXY2-WQ,2026-07-24T08:00:20Z,32454,187,15
2026-10-03,P006,v1,-ttnBxSVW-U,I used Samsung Galaxy Z Flip 8 for 10 Days - Clear Review,UCOL_jnSeaZxOJUoNnDknIxw,2026-08-08T13:25:06Z,17082,187,11
2026-10-03,P006,v1,021i3fWhqfQ,Samsung Galaxy Z Flip 8... After 1 Month 👀 #GalaxyFlip8 #Samsung #FlipPhone,UCwHlQ8RikHLN0NB-efrn91Q,2026-09-13T20:00:37Z,158950,1389,33
2026-10-03,P006,v1,0DMkaKZ2148,Samsung Galaxy Z Flip 8 Review - Bought Instead of FOLD 8 😏,UCigyXziCENfikGiOUlzur7g,2026-08-13T14:33:14Z,32465,28,11
2026-10-03,P006,v1,0M2TK16QqFQ,Galaxy Z Flip 8 vs Galaxy Z Flip 7 Speed Test,UCz1404hPpQ65wzXdX2UywJg,2026-09-05T03:06:12Z,50701,434,8
2026-10-03,P006,v1,1TDA-71kORQ,Samsung Galaxy Z Flip 8 vs Motorola Razr 2026 - Which Flip Wins?,UC0rK1C20XbrCWut_oxgGN_A,2026-07-28T13:00:25Z,35422,198,37
2026-10-03,P006,v1,1cEjqSv8d1E,Pink Samsung Z Flip 8 REVIEW,UC_zwM4BxbNQtWHVseiXoHRw,2026-08-04T17:13:28Z,596531,28928,365
2026-10-03,P006,v1,2ijCGkYp6so,Samsung Z Flip 8 - One Reason Z Flip 8 is a Game changer,UCBpvJm5A4LT0tWYa7dkTxLg,2026-08-08T13:58:19Z,20613,230,1
2026-10-03,P006,v1,2sCstDxhkIg,NEW Samsung Z Flip8! The 8 Things You Need To Know...,UCAl07YZamCkD9BU4GXUMocQ,2026-07-22T13:02:20Z,139791,1524,253
2026-10-03,P006,v1,E6b7fxdGSKk,Samsung Galaxy Z Flip8 - One Month Of Suprises...,UCecC3JF-quduGc7JjuuTCnQ,2026-08-18T19:45:10Z,41857,908,164
2026-10-03,P006,v1,FcbZzx99bXA,Galaxy Z Flip 8 Review - Cover Up!,UCN2R4A4J2M_VlohhH3Upt8w,2026-08-21T08:18:32Z,38902,400,43
2026-10-03,P006,v1,H8KbS788SyE,Don't Buy Samsung Flip 8 Before Watching THIS!🤬|Z Flip 8 Problems| Samsung Z Flip 8 Long Term Review,UCMDH3CmMtpUrhaxMVwtQXgA,2026-08-14T13:00:51Z,8304,44,14
2026-10-03,P006,v1,H9GmTcSOaIA,Samsung Galaxy Z Flip 8 vs Z Flip 7 - DON'T MAKE A MISTAKE!,UCrFSEee7ia354NUKUfQ0LPQ,2026-07-29T17:28:56Z,35956,216,42
2026-10-03,P006,v1,HoVsWE1_JUk,Samsung Galaxy Z Flip8 Review: The Flip Rolls On,UCSOpcUkE-is7u7c4AkLgqTw,2026-08-08T18:24:26Z,173924,5896,330
2026-10-03,P006,v1,JuNLjV-8G1k,Z FLIP 8: 1 MONTH LATER (LONG TERM REVIEW),UC28SNoHGrYs1kCRytlvwEfw,2026-08-28T13:14:20Z,93280,995,174
2026-10-03,P006,v1,NAOUY7BzAsU,Galaxy Z Flip 8 - First Look at New CHANGES!,UCrFSEee7ia354NUKUfQ0LPQ,2026-05-03T18:03:34Z,270131,2075,118
2026-10-03,P006,v1,NIwY5NFBsMg,Samsung Z Flip 8: 4 Weeks Later… #samsung #galaxyzflip8 #zflip8,UCSwv_kfe851-26n_Dg4xnAg,2026-08-19T16:48:38Z,17750,346,14
2026-10-03,P006,v1,NhHN2VMzbs4,"2026 Samsung Foldables Unboxing | Z Fold 8 Ultra, Z Fold 8 & Z Flip 8 👀",UCb-xXZ7ltTvrh9C6DgB9H-Q,2026-07-29T07:03:58Z,216981,8877,213
2026-10-03,P006,v1,NhOFK-UdFP0,"Sống lâu thành huyền thoại, Z Flip 8 - chiếc máy gập vỏ sò cuối cùng có gì mới",UC7MGCyKDw8iQX7Vs0-BH9uA,2026-08-15T04:30:04Z,7579,385,3
2026-10-03,P006,v1,P9k6MwAzOus,Why I Bought the Samsung Z Flip 8,UCXGgrKt94gR6lmN4aN3mYTg,2026-08-10T23:56:41Z,468405,10631,244
2026-10-03,P006,v1,Q4HyZi0tUnw,Galaxy Z Flip 8: I Wasn't Expecting THIS! 😳 | Unboxing & Honest Review,UCZf7nDzV1AGWrk2T294z10A,2026-07-31T05:31:06Z,5343,61,17
2026-10-03,P006,v1,QHuIU2oE4Hg,Samsung Z Fold/Flip 8 Hands on - Fold ULTRA??,UCMiJRAwDNSNzuYeN2uWa0pA,2026-07-22T13:00:15Z,3629434,82269,4408
2026-10-03,P006,v1,QMFIPP_gV4M,I Bought It. You Shouldn't. Samsung Z Fold 8 & Flip 8,UCXGgrKt94gR6lmN4aN3mYTg,2026-08-13T15:01:11Z,479048,9766,1005
2026-10-03,P006,v1,StwgyO1uWVc,"Z Flip 8 - TIPS, TRICKS & HIDDEN FEATURES !!",UCIxLxlan8q9WA7sjuq6LdTQ,2026-09-08T15:54:05Z,172785,2287,142
2026-10-03,P006,v1,UYBkyCCS9Bo,Samsung Galaxy Z Fold 8 Ultra & Z Flip 8 Unboxing & Quick Review ⚡ The Real Ultra Fold!,UCEPL07qzVsOcHd3sMUws65g,2026-07-29T06:41:47Z,400955,7457,230
2026-10-03,P006,v1,YC0DqbO4nok,Samsung Z Flip 8 - My Honest Opinion As a Fold 6 User!,UCBJ1_kfnW3XKDluj28Zvsig,2026-08-11T14:33:27Z,46382,958,9
2026-10-03,P006,v1,YY0aCe7duyw,Galaxy Z Flip 8 // Is It Good Enough!?,UClXdQLTwoi_hOP_36EtdF1g,2026-07-25T20:46:16Z,49836,718,162
2026-10-03,P006,v1,Z36bhU-LEoI,Samsung's Galaxy Z Flip8 Is Better Than We Thought...,UCecC3JF-quduGc7JjuuTCnQ,2026-07-24T20:50:34Z,56843,1685,100
2026-10-03,P006,v1,ZF-D6rFdNYQ,Galaxy Z Flip 8 in 60 Seconds!,UCHKnV3AVMyRhb00s8si1QTQ,2026-08-05T22:00:10Z,183296,3876,95
2026-10-03,P006,v1,ZT0A6xF1Nhs,Samsung Galaxy Z Flip 8 Review ⚡️,UCAsVow-8MdMejn4LpwzWDWQ,2026-08-04T02:30:19Z,23116,758,1
2026-10-03,P006,v1,bYiGEYJ9YS8,Samsung Galaxy Z Flip 8 Review,UCF8kWC5EHipzFEhEwsASrEg,2026-08-18T01:00:17Z,21708,211,25
2026-10-03,P006,v1,bZvbGw2Ux9c,Z FLIP 8: 2 WEEKS LATER! WORTH IT?,UC28SNoHGrYs1kCRytlvwEfw,2026-08-13T13:56:26Z,63270,1000,142
2026-10-03,P006,v1,dhMtzLahaKw,Samsung Z Flip 8 Review Hindi — MAT LENA Ya LE LENA?,UCu35j6HKVGkxzRYqC6O9T_w,2026-07-24T15:30:20Z,5951,259,6
2026-10-03,P006,v1,elWm_joXGls,Experience the Samsung Galaxy Flip 8: A Hands-On Review,UChD95thFHA79Wro4alz7f-w,2026-07-28T08:01:58Z,39796,148,39
2026-10-03,P006,v1,jV7OjA21-Uc,Samsung Z Flip 8 Review: 3 Weeks Later... (Watch Before You Buy),UCSwv_kfe851-26n_Dg4xnAg,2026-08-09T16:58:31Z,308901,3165,262
2026-10-03,P006,v1,klx7_nB7LDU,Samsung Galaxy Z Flip 8 Features 🔥 New Upgrades & Changes,UCuo5SE1KbIJl1MH8tC9emFQ,2026-08-14T15:18:30Z,30483,32,2
2026-10-03,P006,v1,m4ILLp74qRY,Z FLIP 8: HIDDEN FEATURES! (YOU NEED these NOW!),UC28SNoHGrYs1kCRytlvwEfw,2026-08-19T13:41:51Z,57443,1039,123
2026-10-03,P006,v1,mQ3oRem5sQ0,Samsung Galaxy Z Flip 8 Review 📱🔥 || Telugu Tech Tuts,UCBStUF8ywTtgCvkpYVvi1YQ,2026-08-21T12:00:58Z,53728,314,14
2026-10-03,P006,v1,oBpNSNLNCWg,"Samsung Galaxy Z Fold8, Z Fold8 Ultra & Z Flip8 Hands-On",UCst-F1upPxpie6i_jA6vpRw,2026-07-22T13:00:02Z,100688,1136,132
2026-10-03,P006,v1,qeZkkJv4EyE,Samsung Galaxy Z Flip 8 5G in Flipkart #ytshorts #shortvideo #shorts #shortsvideo #tech #flip8,UCBkYCgSTuzJmfyXVKEVfmJQ,2026-08-03T14:30:11Z,13787,1000,8
2026-10-03,P006,v1,r21ys3gIeIA,Samsung Galaxy Z Flip 8 Unboxing & First Impressions!,UCwOCcE4enBgo4DenWHv0JYA,2026-08-07T22:07:42Z,153765,1651,145
2026-10-03,P006,v1,r60U24WvoDs,Samsung Galaxy Z Flip 8 review: A hidden edge,UCbLq9tsbo8peV22VxbDAfXA,2026-08-27T09:41:25Z,102477,693,64
2026-10-03,P006,v1,tpubT7EMtmw,Samsung Z Flip 8 - Thinner than Ever!,UC_EVEua8JBc7diG26WV02IA,2026-08-11T09:30:06Z,14649,139,21
2026-10-03,P006,v1,vDeIUWPGAvQ,Samsung Z Flip8 Unboxing & First Look - Compact Powerhouse!🔥🔥🔥,UCOhHO2ICt0ti9KAh-QHvttQ,2026-07-30T06:30:00Z,95432,2004,86
2026-10-03,P006,v1,vijJTSiBPYA,"Galaxy Z Flip 8 In-Depth Review & Unboxing: The Good, The Bad & Everything Between!",UCrMLd9wKNZEeSrfYW-xdKpQ,2026-09-05T15:31:47Z,42723,358,39
2026-10-03,P006,v1,wPF8RQwJ7Fo,The Galaxy Z Flip 8 Is More Than Just a Cute Phone,UCqrinrottn44lEpGSuK12kw,2026-08-23T20:59:11Z,37589,521,91
2026-10-03,P006,v1,wjlfOa7WZEM,Is the Z Flip8 the Last Z Flip Ever?,UCEeH57P89hPQ1Sp2TavfICA,2026-07-29T19:46:50Z,554256,34932,614
2026-10-03,P006,v1,y2QP-n1IMIs,🔥 நான்தாண்டா இப்போ ஊரோட Top இருக்கேன்.!🤯Samsung Z Fold & Flip 8 #shorts #Samsung #GalaxyAI,UCnpBi6jWkLeBcHoEqtPDBJw,2026-07-22T13:16:11Z,639345,32846,250
2026-10-03,P006,v1,yaaVnNfDwy0,Galaxy Z Flip 8 Graphite Unboxing,UCz1404hPpQ65wzXdX2UywJg,2026-08-08T02:50:40Z,365745,3895,31
2026-10-03,P006,v1,zFcdK53H4oA,Z FLIP 8: 5 MAJOR PROBLEMS (You Need To Know!),UC28SNoHGrYs1kCRytlvwEfw,2026-08-20T13:11:39Z,93575,933,215
2026-10-03,P016,v1,1QbXbq50EE8,POCO X8 Review in 90 Second 🔥,UCv70UnAfDWrPDojrOJfGF6A,2026-09-11T13:05:18Z,36323,1273,16
2026-10-03,P016,v1,2s6C0GlXvAs,Battery Monsters🤯🔥New POCO X8 Series🛐,UCMkws09v_kx4La8So1xOogA,2026-09-11T12:30:18Z,23556,923,12
2026-10-03,P016,v1,390oquUHyHs,POCO X8 Power Unboxing 🔥🔥 Best Phone under 33000 | 10000 mAh POCO X8 Power 5G | POCO X8 Power Offer,UCLAkWMxHr06RFsIC11Yx9ZA,2026-09-11T12:16:10Z,20865,207,12
2026-10-03,P016,v1,4Cxkagqb-uo,"10,000mAh Ka BHAUKAAL! 😱 #shorts",UC8vlDm5xvbxOrCvdu9UNOiA,2026-09-04T14:30:19Z,297700,11654,360
2026-10-03,P016,v1,7xQxiSuBc8k,POCO X8 Power: 5 Reasons to Buy 🔥 | Best Phone Under ₹40K? #shorts,UCxv6zv7gbieQIgtbeViqSXw,2026-09-05T12:30:02Z,29285,591,15
2026-10-03,P016,v1,8vzrtK_oRhs,Rip Oneplus & Samsung 💀? - Poco X8 Power Unbxing and Overview in Tamil🔥🤯!,UCZj7TPWYy-bxVoFukc3V2zQ,2026-09-07T12:30:02Z,15201,118,15
2026-10-03,P016,v1,A8AWhnOzzPM,POCO X8 Power & POCO X8 Unboxing 🔥 10000mAh + 100W Charging! 😳,UCBjIjxzgS91g2Ezu8-UViaw,2026-09-06T11:31:45Z,136011,3104,22
2026-10-03,P016,v1,AQ3I0wDQ88Y,"Poco X8 Power Launched with 10,000 MAH BATTERY - Let's Clear Why Not Buy..😁",UCoinLcWkuag-Ncf7cMJfkdQ,2026-09-07T16:10:42Z,1338,11,3
2026-10-03,P016,v1,AVPnEV1v7rw,The Truth About Poco X8 & X8 Power 🤯,UCcu7flkcci6ZRZ9YhI3LcuQ,2026-09-04T14:39:25Z,40817,2394,62
2026-10-03,P016,v1,AxeoP2_YBzk,🔥 POCO X8 & X8 Power Unboxing! Best Phones Under ₹27K & ₹33K? 😍 | First Impressions || in Telugu |,UCv-rv0NzHp-DSRkoxo5TXCA,2026-09-06T12:46:54Z,51815,553,28
2026-10-03,P016,v1,Eepnv8jg3Ag,"POCO X8 & X8 Power Unboxing 🔥 First Look | Starting ₹26,999! 📱⚡",UCvyAP7m7yf6oTrXHAxtutrQ,2026-09-04T11:10:17Z,90306,2376,27
2026-10-03,P016,v1,EtGVtPaOkmY,Poco X8 Power Review in Telugu || Biggest Battery Phone Ever ??,UC_s7AF8p_VB0JpBSocuS13Q,2026-09-25T17:01:06Z,26016,429,40
2026-10-03,P016,v1,Gqwwjcu8DHU,"Poco X8 Power with 10000mAh battery, unboxing #pocox8power #poco #unboxing",UCUK-DEmRyZtDd7nBkxoZrdQ,2026-09-05T05:25:14Z,5547,190,8
2026-10-03,P016,v1,Gtb6K9vZ7QA,Poco X8 Pro: Brutally Honest Review 90 Days Later 🤯,UCcu7flkcci6ZRZ9YhI3LcuQ,2026-07-29T15:10:32Z,318588,12819,124
2026-10-03,P016,v1,HSw5-kx62mM,Poco X8 Power Review Under 90 Seconds 🚀 | #pocox8power #poco #androidphones,UCKO4P-n6MXW-TbGxOpYROSQ,2026-09-08T12:10:06Z,11804,248,7
2026-10-03,P016,v1,IibyuwUJqTE,POCO X8 Power Tips & Tricks | 40+ Special Features - TechRJ,UC1O5yeDG4cvesN63rOb-9Pw,2026-09-20T12:10:33Z,108967,368,10
2026-10-03,P016,v1,Kz1kcrkAwog,POCO X8 Power vs realme P4 Power ⚡ Big Battery Power Battle! 🔥 Which One Should You Buy?,UCv-rv0NzHp-DSRkoxo5TXCA,2026-09-17T12:22:05Z,74985,850,59
2026-10-03,P016,v1,N105bca5xoU,is this Phone even good? | Battery Monster or Compromise?,UCBECG8Hc8rY4OKcuQ3zniFw,2026-09-26T06:00:21Z,35995,1648,53
2026-10-03,P016,v1,NaSryKZkb9w,"10000mAh Battery,Dolby Vision,Dolby Atmos | POCO X8 Power *Reality Test*",UCJAWXtmA7f0azO1_uvO-HlA,2026-09-16T13:29:30Z,115758,2045,425
2026-10-03,P016,v1,OZ7UgPnakhE,POCO X8 Power vs realme P4 Power: We Tested Both… The Winner Surprised Me!,UCBECG8Hc8rY4OKcuQ3zniFw,2026-09-30T05:00:23Z,30867,1808,34
2026-10-03,P016,v1,Q8_MeVOsR_U,POCO X8 Power & POCO X8 😳 Which One Should You Buy?,UCxVjtTQJ1oFkQ3iGhOngU3g,2026-09-05T11:05:26Z,151237,2926,161
2026-10-03,P016,v1,SVOylMB2Sgs,POCO X8 & X8 Power - Really Worth Buying? || My Opinion In Telugu,UCvPChEQsmzA8BC8MXXqJ4TA,2026-09-06T02:29:32Z,26053,471,47
2026-10-03,P016,v1,VbQEPkuuyN0,"Best Complete Phone Under ₹35,000? Poco X8 Power vs vivo T5",UCJAWXtmA7f0azO1_uvO-HlA,2026-09-11T13:29:34Z,153256,2033,339
2026-10-03,P016,v1,Yy-4nC1eexg,POCO X8 & POCO X8 Power Unboxing & First Look ⚡ | 1.5K AMOLED + IP69 💦 | Is It Worth? 🤔,UCp3T5fUUJootTrVwGDdY6pw,2026-09-04T06:30:16Z,28253,275,38
2026-10-03,P016,v1,Zz4mVYR-xqs,Poco X8 Power “User Review” - After 15 Days !,UC6dzpDU_XOyHT7PzKFc-t-g,2026-09-17T13:01:56Z,12740,176,35
2026-10-03,P016,v1,ZzBWuFKL0iw,🔥 POCO X8 Power Review 🔥,UC4aJMVRrycBeOVEuidU4XVQ,2026-09-25T07:30:15Z,16504,221,51
2026-10-03,P016,v1,bm_oyEheARc,Poco X8 Power vs OnePlus Nord CE6 Speedtest Comparison | AnTuTu | Geekbench,UCju1iuBcl-Jb_di_KQ7CyRg,2026-09-16T04:30:36Z,21206,79,3
2026-10-03,P016,v1,byDtf8EFGYQ,"Poco X8 Power - Comes with 10,000 mAh Battery",UCO2WJZKQoDW4Te6NHx4KfTg,2026-09-04T06:45:08Z,170387,1590,197
2026-10-03,P016,v1,crjYDPpeNY0,"POCO X8 Power Review - Is This 10,000mAh Phone Worth It?",UCmQjwvkaB6MPobHnkNKtJJQ,2026-09-08T11:37:24Z,17042,127,25
2026-10-03,P016,v1,d8A_F-czrjY,Crazy POCO Deals on Flipkart BBD Sale ⚡ Ft. POCO X8 Series,UCEPL07qzVsOcHd3sMUws65g,2026-09-30T16:34:31Z,270546,4241,269
2026-10-03,P016,v1,dVamiEnCrE8,Poco X8 Power 🔥 Best Phone Under ₹35k? #shorts #poco #pocox8power,UC1O5yeDG4cvesN63rOb-9Pw,2026-09-16T12:05:05Z,22244,571,13
2026-10-03,P016,v1,e2pOGsZfc9M,Can Poco X8 Power BEAT Realme P4s? Reality Test,UCJAWXtmA7f0azO1_uvO-HlA,2026-09-09T13:29:29Z,262595,8009,289
2026-10-03,P016,v1,jS9Hk0GulJI,"POCO X8 & X8 Power Unboxing & Test📌 10,000mAh Battery, OIS, 1.5K AMOLED, Starting @26,999*",UC1tVU8H153ZFO9eRsxdJlhA,2026-09-04T06:31:29Z,909414,17917,963
2026-10-03,P016,v1,jvMuabULDzw,"POCO X8 Power🔋vs OnePlus Nord CE6⚡: ₹2,000 Changes Everything!",UCDdiXBOc6vaBdAJd2tSgwcQ,2026-09-22T03:30:25Z,6102,23,5
2026-10-03,P016,v1,jy6z0SjSyLQ,Poco X8 Power Review - Pros and Cons!,UCju1iuBcl-Jb_di_KQ7CyRg,2026-09-12T09:01:13Z,13304,119,36
2026-10-03,P016,v1,jySjfjHOJrw,POCO X8 POWER 5G Review ✅ Best 5G Phone 2026,UC8vJysEM84zDgoDjYSaQyhw,2026-09-04T08:32:56Z,72695,892,8
2026-10-03,P016,v1,kGU6fiO9WuU,POCO X8 Series Unboxing & Initial Impressions || Insane Battery Phones🤯,UCb-xXZ7ltTvrh9C6DgB9H-Q,2026-09-04T11:33:29Z,348970,8699,234
2026-10-03,P016,v1,l3VS68UEAcw,"POCO X8 Power Unboxing & First Impressions 🔥 || ⚡10,000mAh Battery || Telugu Tech Tuts",UCBStUF8ywTtgCvkpYVvi1YQ,2026-09-05T10:33:58Z,28609,315,28
2026-10-03,P016,v1,lFkjsRefays,"POCO X8 Power & POCO X8 Unboxing & First Look ⚡ 10000mAh, SD 6 Gen 5, 100W & More",UCEPL07qzVsOcHd3sMUws65g,2026-09-04T06:31:14Z,1067299,12478,723
2026-10-03,P016,v1,n0TTnD4WQOM,📦 POCO X8 & X8 Power Unboxing | First Look & Initial Impressions 🔥,UC4aJMVRrycBeOVEuidU4XVQ,2026-09-04T07:30:31Z,59302,650,86
2026-10-03,P016,v1,n_Rj6qT6JFQ,POCO X8 Power & X8 Unboxing ⚡ 10000mAh + 100W Charging! 🔥📱,UCLBb_DFkEf9z4AAFNrIU3xg,2026-09-05T11:43:14Z,23917,785,12
2026-10-03,P016,v1,nmTzcAIBALU,A Very Hard Phone to TEST - *ULTIMATE BATTERY BACKUP*,UCdoDYkupTElV62K7ttA_E4w,2026-09-06T06:35:41Z,333262,3255,227
2026-10-03,P016,v1,ouQpvwySa3A,"POCO X8 Power Unboxing & First Impressions | 10,000mAh Battery + 100W Charging!",UCs-2DhK0sAghcpVCap0cH2g,2026-09-04T07:07:55Z,29596,377,48
2026-10-03,P016,v1,snbbS2Q3KoE,What’s Wrong With This Phone?,UCdp6GUwjKscp5ST4M4WgIpw,2026-09-01T15:42:09Z,831400,29521,600
2026-10-03,P016,v1,uTO6TIbBD-c,"POCO X8 Power & POCO X8 Quick Review ⚡ 10000mAh,100W, ₹3X,XXX* 😮😮",UCulWReu_S3rNM6s4FBJ5CEQ,2026-09-10T02:30:11Z,9813,471,0
2026-10-03,P016,v1,uabRHeLpQ-Y,"Poco X8 Power & X8 Review | 10,000mAh, 100W, ₹32,999 — Should You Buy?",UCtu_QzoqdLjRt3Nmqe7aeqg,2026-09-06T16:02:14Z,76739,1098,59
2026-10-03,P016,v1,wLwpBdtfpd4,POCO X8 Power vs realme P4 Power: Don’t Buy the Wrong One!,UCBECG8Hc8rY4OKcuQ3zniFw,2026-09-17T06:00:40Z,60965,830,96
2026-10-03,P016,v1,wMvoMe4xz5E,"Poco X8 Power Unboxing and Full Review | Camera, Battery & Performance Test",UCcCI4FrPvZiQtDBqlVofaXw,2026-09-04T06:30:36Z,11363,54,5
2026-10-03,P016,v1,wuh64RVDnus,"Poco X8 Good Phone at ₹26,999? *Lets Check*",UCJAWXtmA7f0azO1_uvO-HlA,2026-09-04T13:29:23Z,191764,5898,241
2026-10-03,P016,v1,yyu2mar-lqg,📱 POCO X8 & Poco X8 Power Review 🔥 Inime battery drain ana madhiri than 🔋,UC4aJMVRrycBeOVEuidU4XVQ,2026-09-08T07:30:18Z,28307,331,102
2026-10-03,P018,v1,0ZXuOOKwSSk,Vivo T5 5g review in telugu | Best Mobile under 30000 telugu 2026,UC-cEi24dOcJgESGi30U_Oxg,2026-09-09T08:22:57Z,2690,28,1
2026-10-03,P018,v1,0iaNSxTYeg4,Vivo T5 Is Slim… But The Battery Is HUGE!,UCdbWrLFPB3NIdX_WIadGfGA,2026-09-03T13:34:34Z,7615,156,1
2026-10-03,P018,v1,1BUMYJCTBeY,"vivo T5 5G Unboxing in ಕನ್ನಡ ⚡️Dimensity 7500 Turbo, AMOLED Display, 50MP Sony Cam, 7050mAh + 44W",UCPMDhcBogBPsrGQWf5qnArg,2026-09-02T06:30:39Z,191626,2572,94
2026-10-03,P018,v1,3CpR_rsnAgY,Vivo T5 5G Review - Damage!,UC6dzpDU_XOyHT7PzKFc-t-g,2026-09-20T12:55:11Z,8196,34,5
2026-10-03,P018,v1,468bOMJx-s0,"Vivo T5 Review : 7050mAh Battery, 144Hz AMOLED & 50MP Sony Camera (Rs. 34,999*)",UCix7HIJ74fUDlHDkAAcyRPA,2026-09-02T06:30:11Z,136910,912,14
2026-10-03,P018,v1,4dSkHn1iziw,"vivo T5 Unboxing & First Look 🔥 144Hz 1.5K + MTK 7500 | ₹31,499! 😳",UCBjIjxzgS91g2Ezu8-UViaw,2026-09-02T11:32:06Z,296590,6809,65
2026-10-03,P018,v1,5kpo7NdAHNE,"Vivo T5 5g Unboxing and Full Review | Camera, Battery & Performance Test",UCcCI4FrPvZiQtDBqlVofaXw,2026-09-02T06:30:07Z,36532,137,7
2026-10-03,P018,v1,6EyEoyEokwc,"vivo T5 Unboxing & First Impressions - இதுதான் RS 40,000-க்கு கிடைக்கும் 2026-இல்!",UCmJlSkSkgdXama3GSUgMC4g,2026-09-02T06:52:36Z,141334,2184,98
2026-10-03,P018,v1,6yJIMaW_V3Y,"Best phone under 30k, vivo t4 pro vs t5 pro.",UCFLifAr1OmkCp4HWQic3kDw,2026-04-22T01:59:26Z,1458623,,173
2026-10-03,P018,v1,82JoLvTNhOc,vivo T5 5G Unboxing & First Impressions || 7050mAh Battery + 144Hz AMOLED | Telugu,UCb-xXZ7ltTvrh9C6DgB9H-Q,2026-09-02T06:32:12Z,526343,7391,230
2026-10-03,P018,v1,9scCA4BNkBw,VIVO T5 PRO 5G Review ✨ Best 5G Phone Under 30000,UC8vJysEM84zDgoDjYSaQyhw,2026-04-20T08:23:03Z,776538,11433,82
2026-10-03,P018,v1,D0UnDh6GOAk,Dont' Buy Vivo T5 5G Before Watching This 🥵 Overpriced Rebranded Phone😲,UCPVtQqx3lnwwU4PTj73Ovjw,2026-09-01T16:36:10Z,79264,948,18
2026-10-03,P018,v1,F8Z5Qp9qQsc,Vivo T5 vs T5 PRO 😱 | vivo t series 🔥 #shorts,UCaleujLtt2ufKmWD8Bvnhaw,2026-08-25T11:30:21Z,16000,,3
2026-10-03,P018,v1,FkFc54Bw5PY,"Vivo T5 vs Vivo S2: Look Identical, But NOT The Same! 📱🤯",UCWJedqvdP2gB2f3qaJCO05g,2026-09-26T09:31:40Z,12688,200,3
2026-10-03,P018,v1,FtNMfmAL4QI,"Vivo T5 5G Unboxing & Review 🔥 | 4K Video Test 📸 | Full Camera, Performance & Battery Review",UCoIjm8d4f6uyeOvACE0pa6w,2026-09-13T16:22:45Z,16082,78,17
2026-10-03,P018,v1,HsY08e8Yeok,"Is vivo T5 Worth ₹40,000?",UCn7DATpF0Nk-YJmjw4gMwfg,2026-09-12T12:57:59Z,51396,1297,56
2026-10-03,P018,v1,I3uGW2TQj-0,Vivo T5 5G Honest Review After 15 Days - Downgrade Or Upgrade !,UCG5gFUuuZs6cYgfyGKWv2Ag,2026-09-17T14:16:51Z,19792,104,27
2026-10-03,P018,v1,I858Hv1wO_w,vivo T5 5G Finally Here ⚡️,UCv70UnAfDWrPDojrOJfGF6A,2026-08-31T15:22:15Z,48254,841,7
2026-10-03,P018,v1,JlP6EtETILs,Vivo T5 First look & Review 🔥 Best Budget All rounder Mobile 📱 #shorts #vivo,UC1vwVXCEYZJaTwRXJy1YbLg,2026-09-25T15:10:35Z,2332,57,1
2026-10-03,P018,v1,Jn5k70ZMZIs,Vivo T5 5G ASMR Unboxing ⚡️,UCv70UnAfDWrPDojrOJfGF6A,2026-09-02T06:29:52Z,607008,7942,42
2026-10-03,P018,v1,MBUGsRH85d4,"vivo T5 5G Camera, Battery & Gaming Test | Buy or Skip?",UCtu_QzoqdLjRt3Nmqe7aeqg,2026-09-02T15:32:27Z,253823,1890,139
2026-10-03,P018,v1,MPYUXo07ma8,vivo T5 5G Unboxing 🔥 First Look & Impressions | New vivo 5G Phone! 📱,UCBjIjxzgS91g2Ezu8-UViaw,2026-09-07T11:32:39Z,76087,1787,12
2026-10-03,P018,v1,MeEPh7sJGfA,vivo T5 5G: 5 Reasons to Buy 🔥 | Best Phone Under ₹35K? #shorts,UCxv6zv7gbieQIgtbeViqSXw,2026-09-03T07:30:32Z,129251,1927,29
2026-10-03,P018,v1,N2oKR2gBKNw,"vivo T5 Pro vs motorola Edge 70 Pro - which makes more sense for ₹40,000?",UCBECG8Hc8rY4OKcuQ3zniFw,2026-10-02T07:00:24Z,32241,397,72
2026-10-03,P018,v1,NgP1_iTQw2E,"ഒരു നല്ല ഫോൺ 💥💥vivo T5 First Look & Honest Review: The Slimmest 7050mAh Phone? Price,Camera & Gaming",UCn4S6ONdetkpxfuOteHVHhQ,2026-09-02T07:42:11Z,440538,1736,163
2026-10-03,P018,v1,PYlGkfGIUd8,Best vivo Phone? vivo T5 vs vivo T5 Pro *Let’s Test*,UCJAWXtmA7f0azO1_uvO-HlA,2026-09-13T13:29:16Z,138305,2702,70
2026-10-03,P018,v1,QeeLc7CL7Bo,Vivo T5 - सबसे तगड़े Features 🔥,UCDgR0ttwYEyTV-Su0CHFQNw,2026-09-25T14:05:05Z,52035,,39
2026-10-03,P018,v1,Re1xs-2yDy4,vivo T5 Review in 60 Seconds!,UCvpfclapgcuJo0M_x65pfRw,2026-09-02T06:36:52Z,408538,3300,71
2026-10-03,P018,v1,VbQEPkuuyN0,"Best Complete Phone Under ₹35,000? Poco X8 Power vs vivo T5",UCJAWXtmA7f0azO1_uvO-HlA,2026-09-11T13:29:34Z,153256,2033,339
2026-10-03,P018,v1,Wye6Pz_9mJs,Vivo T5 5G Unboxing & Review | After Use Review !! buy Or Not ?,UCBaBAc_6YS-j5CAbHc4hZkw,2026-09-18T16:04:47Z,16086,59,11
2026-10-03,P018,v1,XMzOtWeMyF0,vivo T5 Unboxing 🔥 First Look | 144Hz 1.5K + Dimensity 7500! ⚡,UCLBb_DFkEf9z4AAFNrIU3xg,2026-09-02T12:15:43Z,85332,2325,19
2026-10-03,P018,v1,YkZjMA4i1Go,vivo T5 5G : I Was NOT Ready For This Phone 🤯,UC8vlDm5xvbxOrCvdu9UNOiA,2026-09-02T06:30:06Z,216806,3640,297
2026-10-03,P018,v1,ZMIp8nlE4Hc,Vivo T5 Vs Vivo S2 | Don't Buy Before Watching This 😬...,UCmH4cTkN_OjGKK-pzlGHcMw,2026-08-31T05:19:09Z,255182,,30
2026-10-03,P018,v1,aCt_6zXRA98,9020mAh 🔋 This Phone Won’t Die! Vivo T5 Pro 😮 #shorts #trending,UCOVpjGnVv0U9qA5XA-JlF7w,2026-04-16T15:29:05Z,408238,12765,82
2026-10-03,P018,v1,cItNDOSzBK0,"vivo T5 Unboxing & First Look ⚡ 144Hz 1.5K, MTK 7500, IP69 @ ₹31,499*",UCEPL07qzVsOcHd3sMUws65g,2026-09-02T06:30:31Z,2083505,18216,764
2026-10-03,P018,v1,dAUGGaJeZxM,Vivo T5 5g Review #vivo #vivot55g #smartphone #shorts,UCcCI4FrPvZiQtDBqlVofaXw,2026-09-01T14:23:55Z,67290,929,9
2026-10-03,P018,v1,h20vGunc0qs,Vivo T5 Exposed🚫 58 Sec Mein Sach Samjho। vivo t5 review। #shorts #viral,UC76cdz8dkT3Q7SCCbgCssYw,2026-09-03T03:18:51Z,49860,,9
2026-10-03,P018,v1,jhztfWsEiAA,"Best Phone Under ₹35,000 - Vivo T5 vs realme P4s | Choose Wisely",UCBECG8Hc8rY4OKcuQ3zniFw,2026-09-24T06:30:03Z,44346,1626,51
2026-10-03,P018,v1,k-YM80TlrRE,VIVO T5 Lite Review in 90 Seconds ⚡ | 7 Days Usage🔥 Worth Buying? 🤔#shorts #trending,UCOVpjGnVv0U9qA5XA-JlF7w,2026-07-22T17:21:46Z,18306,1303,5
2026-10-03,P018,v1,lfTRtZmt3E4,vivo T5 Pro Unboxing 🔥 9020mAh Battery Beast 😳 | First Look & Review,UCQxwifkPbelvZWGJYfbj9jg,2026-04-18T02:32:52Z,373632,13673,90
2026-10-03,P018,v1,nX9gYe5085U,vivo T5 - Good Option or NOT ?,UCdoDYkupTElV62K7ttA_E4w,2026-09-04T15:34:38Z,99070,1373,79
2026-10-03,P018,v1,oJDuO1297wo,Don't ❌ Buy Vivo T5 Pro 🤯| Vivo T5 Pro 🔥1st impression | #shorts #vivot5pro,UCTnTSyPO7FaUZ87eOoiF5qQ,2026-04-15T05:30:22Z,628745,8045,107
2026-10-03,P018,v1,pPtu0ZTWHC0,vivo T5 is here - Popular vivo Series Phone !,UCS261lQDXjMvc8Jck-2CQEg,2026-09-02T08:05:06Z,585898,7336,664
2026-10-03,P018,v1,pS6_vNGpq-s,Don’t miss This Phone in 2026? vivo T5 *Reality Test*,UCJAWXtmA7f0azO1_uvO-HlA,2026-09-02T13:29:10Z,109466,2040,300
2026-10-03,P018,v1,rgH38re3yOw,"Vivo T5 5G Full Review ✅ Under ₹X4,999* 🔥🔥 #shorts",UCulWReu_S3rNM6s4FBJ5CEQ,2026-09-10T01:30:20Z,16136,348,1
2026-10-03,P018,v1,sY8e0FRU6e8,"vivo T5 5G 🔥 Best Phone Under ₹30,000? 7050mAh Battery! 😱 #shorts",UCwauzGOVh_98d1IpplUC2DA,2026-09-27T05:14:40Z,14270,633,13
2026-10-03,P018,v1,wb4JNjHO2fc,"Is Vivo T5 5G Worth Buying? | Complete Review | 144Hz AMOLED + 50MP OIS under ₹35,000?| Tech Bhari",UC1ISJdA3cUjIlA74LZZ00iQ,2026-09-02T12:30:18Z,12521,28,1
2026-10-03,P018,v1,wvWgjLdrnFI,vivo T5 5G 🔥 Best All-Rounder Phone Under ₹35000?,UCxVjtTQJ1oFkQ3iGhOngU3g,2026-09-06T14:17:14Z,122661,2002,140
2026-10-03,P018,v1,yXSSyWdAfXU,Vivo T5 5G Unboxing 🔥 | First Look + 144Hz & 7050mAh Battery 🔋,UCpw06p9cB3BjLez-CF4i1VA,2026-09-03T11:27:02Z,3621,,5
2026-10-03,P018,v1,ynP5s6XEmjE,"vivo T5 Unboxing & First Look ⚡ 144Hz 1.5K, MTK 7500 Turbo , IP69 @ ₹31,499* || In Telugu ||",UCv-rv0NzHp-DSRkoxo5TXCA,2026-09-02T11:29:35Z,130492,687,23
2026-10-03,P035,v1,-nKU-aZoURE,"OnePlus 15R Long-Term Review Telugu 🔥| Gaming, Battery & Camera Real Usage",UCv-rv0NzHp-DSRkoxo5TXCA,2025-12-25T12:27:51Z,50726,1313,90
2026-10-03,P035,v1,09SEUkZZlBY,OnePlus 15R - 1 minute review!!,UCX6S71YiSkrEnJ_zcIKaI9g,2026-01-23T08:19:18Z,627845,15127,174
2026-10-03,P035,v1,1Q8G3lpwzF8,OnePlus 15R Review in 60 Seconds!,UCvpfclapgcuJo0M_x65pfRw,2025-12-20T12:37:33Z,1162036,27854,324
2026-10-03,P035,v1,2rkJJi2Eq2o,BEST Deal - OnePlus Phones 🔥 | OnePlus 13s and OnePlus 15R ⚡️#shorts,UCdoDYkupTElV62K7ttA_E4w,2026-07-02T06:15:47Z,314152,9634,160
2026-10-03,P035,v1,3PZPCr9yKis,Oneplus 15R Unboxing & Test - 7400mAh & SD 8 Gen 5 Combo but?,UC1tVU8H153ZFO9eRsxdJlhA,2025-12-17T15:01:04Z,427965,20257,795
2026-10-03,P035,v1,3XEcmdzAUAY,पापा के पैसे से लिया Best Gaming Phone : OnePlus 15R 🤩#shorts,UCglXlpWjIi95auM3umWWLdw,2026-01-09T12:30:09Z,26078954,492708,1259
2026-10-03,P035,v1,6oA5P3tztGM,OnePlus 15r ❌🥵🥵 Mini Review and camera samples,UC5nUh9dZxMblgMu-1lg4qgQ,2025-12-25T16:57:47Z,233721,7325,188
2026-10-03,P035,v1,98SAKks3sXg,OnePlus 15R Unboxing & Review नेपालीमा,UCNBOwzQRaNho7OUZa7bFbDA,2026-02-16T14:08:09Z,36357,897,127
2026-10-03,P035,v1,B9A2DEOT-Ig,😨OnePlus-ஓட Best Phone -அ... இல்ல 🫠 #shorts,UC20sXo8ReewkzNKBFgzVCPA,2025-12-31T04:46:29Z,1007899,59111,124
2026-10-03,P035,v1,DRIx1pXj0ag,OnePlus 15R - Popular OnePlus Phone | Let’s Check !,UCS261lQDXjMvc8Jck-2CQEg,2025-12-17T14:31:01Z,387377,11532,960
2026-10-03,P035,v1,Ds2wfL96or4,OnePlus 15R Review: This or the Competition?,UCKk9JCBLDy6bOp5cUAQYrUQ,2025-12-17T15:00:28Z,174171,3455,647
2026-10-03,P035,v1,Fqzcess0Ddc,OnePlus 15R First Impressions & Quick Review ⚡ Evolution Over Revolution?,UCEPL07qzVsOcHd3sMUws65g,2025-12-17T15:00:33Z,613568,15583,897
2026-10-03,P035,v1,Gn9YhsjBZak,OnePlus 15R Review - This One Hit Different! #RiseAsOne #collab #OnePlus15R #oneplus #techshorts,UCI_l0eBp252TD1Ie5N3v5qw,2025-12-17T15:04:22Z,103255,4119,148
2026-10-03,P035,v1,K4-ByBBXoOA,I Tried The Popular Smartphone From OnePlus *OnePlus 15R*,UCdp6GUwjKscp5ST4M4WgIpw,2025-12-17T15:00:45Z,262778,5608,628
2026-10-03,P035,v1,LVsBe2-odUk,OnePlus 15R | Snapdragon 8 Gen 5,UC9MQp8a5uhaIosZPHaoqEXQ,2025-12-24T12:26:19Z,585096,30589,363
2026-10-03,P035,v1,NzER9RzmVbQ,😎 OnePlus 15R 🔥Beast Mode On ⭐️TechSuperStar⭐️,UCnpBi6jWkLeBcHoEqtPDBJw,2026-03-28T09:04:03Z,198954,6433,390
2026-10-03,P035,v1,Okn8JJedUTQ,Confused between OnePlus 15 or 15R?,UCmQjwvkaB6MPobHnkNKtJJQ,2026-01-05T13:25:32Z,1041029,21263,220
2026-10-03,P035,v1,P3vb-Wcfb2o,The New OnePlus 15R🔥 #RiseAsOne #OnePlus15R #rvtechtamil,UCMkws09v_kx4La8So1xOogA,2025-12-18T01:30:24Z,130271,8029,88
2026-10-03,P035,v1,P7qgEOfTgzU,OnePlus 15R Unboxing & First Impressions | Prasadtechintelugu ||,UCb-xXZ7ltTvrh9C6DgB9H-Q,2025-12-17T15:00:48Z,552375,34242,682
2026-10-03,P035,v1,PJspxlLeiPg,"OnePlus 15R Review, but I Respect Your Time..",UCIU53gPEdfQxEKbJkZbzJyw,2026-02-14T23:45:02Z,71920,2472,178
2026-10-03,P035,v1,PRKaKCh-lfE,OnePlus 15R | My Review | A Good Upgrade !! | Malayalam,UC9MQp8a5uhaIosZPHaoqEXQ,2025-12-30T09:36:17Z,172237,5571,459
2026-10-03,P035,v1,QGJAmaFZ02g,OnePlus 15R BGMI Battery Test 🔋 | 100% to 0% Real Drain!,UC9CowaN91gLuFaFF92t9fWQ,2026-01-17T10:45:39Z,178467,11422,219
2026-10-03,P035,v1,QPOxer0MExU,Oneplus 15R unboxing,UCwzkIBttlFZYgN0q66KFTPw,2026-01-28T19:53:49Z,493219,24461,192
2026-10-03,P035,v1,S93xkTKHdnM,🚀😱OnePlus 15 Review Why OnePlus 15 is the BEST Gaming Phone of 2026A (7300mAh + 120W)😱 #shortvideo,UCrwHdChkeK06ENkqEHulSxA,2026-07-19T04:46:42Z,1551488,,120
2026-10-03,P035,v1,T3sDKOeRWy0,OnePlus 15R - Flagship Killer Under ₹50K?,UCBECG8Hc8rY4OKcuQ3zniFw,2025-12-21T04:30:23Z,151547,6225,181
2026-10-03,P035,v1,TPC7_pGiPjo,OnePlus 15r Bangla Review,UCgUCgVN39J_9tYiBynbVqfg,2025-12-21T16:23:25Z,84647,3125,47
2026-10-03,P035,v1,VOMTv4Gi5t0,OnePlus 15R Still Worth it??,UCtYJT2feifBiVsxSC1S1Jwg,2026-05-22T13:00:38Z,56259,1446,89
2026-10-03,P035,v1,Xp7grCBlMwE,OnePlus 15R Review | What's Been Slashed Vs OnePlus 15?,UCVLN0tY51ewH44wUtx3YZTA,2025-12-17T14:59:00Z,159768,3325,420
2026-10-03,P035,v1,Y7XM6nf73Yc,OnePlus 15R - Progress or Compromise Flagship Killer Smartphone?,UCltuKUCkE82ojAtPJy9rFQA,2025-12-20T11:01:19Z,123044,3655,464
2026-10-03,P035,v1,ZuCM8OfRnL4,New Flagship Killer Phone with SD8 Gen 5! OnePlus 15R - Let's Test,UCJAWXtmA7f0azO1_uvO-HlA,2025-12-17T14:59:36Z,32837,1422,373
2026-10-03,P035,v1,aA70h5SrD_Y,OnePlus 15R Unboxing & Review Fully Changed !,UCXUJJNoP1QupwsYIWFXmsZg,2025-12-17T16:56:59Z,397338,10032,456
2026-10-03,P035,v1,aRY-xgAQCz8,OnePlus 15R - 9 Things You Need to Know!,UCdoDYkupTElV62K7ttA_E4w,2025-12-17T15:00:02Z,262700,6756,674
2026-10-03,P035,v1,aprFzybS3zU,I used the OnePlus 15R - USER FEEDBACK! *Review*,UCdoDYkupTElV62K7ttA_E4w,2026-01-10T15:30:04Z,288107,6526,506
2026-10-03,P035,v1,ay0VeJ-CThg,OnePlus 15R இப்போ வாங்குறது Worth ஆ?😳,UCVFmeplL7nZ7uwkvNa_rbng,2026-06-26T17:09:18Z,30841,1660,18
2026-10-03,P035,v1,bssBCinxH5Y,"OnePlus 15r - ₹45,000 with Snapdragon 8 Gen 5 Better than iPhone 17?",UCBJ1_kfnW3XKDluj28Zvsig,2025-12-26T15:51:41Z,324184,9780,126
2026-10-03,P035,v1,cFzeKrkvIt4,OnePlus 15R Long Term Review- After 180 Days,UCju1iuBcl-Jb_di_KQ7CyRg,2026-08-05T05:30:18Z,9095,89,17
2026-10-03,P035,v1,cdv8lIPOCNU,OnePlus 15R Unboxing 🔥 #smartphone #unboxing #tech,UCtZxw36pSnZYffC_XhQdhew,2025-12-12T15:40:06Z,1139217,14721,178
2026-10-03,P035,v1,fQAAITMb7wE,iQOO 15R vs OnePlus 15R - Best Value Flagship Under Rs.50k?,UCltuKUCkE82ojAtPJy9rFQA,2026-03-10T16:18:18Z,235798,6987,817
2026-10-03,P035,v1,gfZtSGvP1xs,Oneplus 15r Vs Oneplus 15 Camera Zoom Test #mobilepapa #shorts,UCQGXus0kMQCUQGp04eSzCHA,2025-12-28T06:30:22Z,307274,3005,43
2026-10-03,P035,v1,jXWnbdyIsjg,OnePlus 15R review: Back to the roots?,UCbLq9tsbo8peV22VxbDAfXA,2026-01-28T16:45:07Z,130982,1896,209
2026-10-03,P035,v1,jxlQ5KGwVfo,OnePlus 15R Review: After The Hype!,UCDt0iwnK2sPXaOyZhVmXIQw,2026-01-27T15:35:05Z,28526,468,17
2026-10-03,P035,v1,l-fhaGBJL6g,Motorola Signature vs OnePlus 15R - Camera Test 📸😱 | #motorolasignature #oneplus15r #cameratest,UCXpIVRiyfsMB2aXXn2yq6LA,2026-02-03T12:31:06Z,25744,214,12
2026-10-03,P035,v1,o0ckU16RMyI,पापा ने Gift किआ Best Gaming Phone : OnePlus 15R 😍#shorts,UCglXlpWjIi95auM3umWWLdw,2025-12-24T13:30:54Z,1932674,70371,638
2026-10-03,P035,v1,oub0iR-xp3I,OnePlus 15R After 25 Days ⚠️ Honest Truth (No Hype),UCBECG8Hc8rY4OKcuQ3zniFw,2026-01-10T06:45:04Z,931766,34311,470
2026-10-03,P035,v1,poz3smWFG9E,OnePlus 15R BGMI Battery Test 🔋 | 100% to 0% Real Drain#shorts,UC9CowaN91gLuFaFF92t9fWQ,2026-02-05T12:51:27Z,3139349,131349,731
2026-10-03,P035,v1,qOeWbdt8hc4,⚡OnePlus 15R Overall Review - Flagship Killer🔥,UC1XEppHxIWgeJaghXua7WUg,2026-01-21T13:07:39Z,168708,10179,183
2026-10-03,P035,v1,sG4PMzaGbh8,Extreme Test On OnePlus 15R : Shocking Result After 30 Days 😱,UC8vlDm5xvbxOrCvdu9UNOiA,2026-02-05T14:30:54Z,126445,3759,405
2026-10-03,P035,v1,x8UtYLYAD1c,OnePlus 15R: How It's Aged After 5 Months... (HONEST THOUGHTS),UC2hhMa7DG_85in9BhFMsRQA,2026-05-24T13:15:08Z,30250,378,84
2026-10-03,P035,v1,yJLLM2d_1NA,Oneplus 15 vs Oneplus 15R - Don't Buy The Wrong One ❌,UC0oPWyVQWUdfDrc9KN3kaHg,2026-01-06T11:40:56Z,34948,,15
2026-10-03,P035,v1,zit89W0mD10,OnePlus 15r 100 Days Later Review - புத்திசாலித்தனமான Side-Grade?,UCmJlSkSkgdXama3GSUgMC4g,2026-03-28T13:46:28Z,82058,2467,263
2026-10-03,P043,v1,-aGuLqhyiP0,A CÂMERA DO REALME GT 8 PRO É BOA?,UC9_zUso3liGdwEnVyHm90sw,2026-02-03T15:45:35Z,22199,1191,14
2026-10-03,P043,v1,1AT5COLuHsA,"realme GT8 Pro Unboxing & Quick Review ⚡ 200MP RICOH, 8 Elite Gen 5 But..",UCEPL07qzVsOcHd3sMUws65g,2025-11-20T12:43:19Z,688065,17407,818
2026-10-03,P043,v1,2a7c4pm7eVE,"REALME GT8 PRO PRICE IN PHILIPPINES,SPECS AND FEATURE,OFFICIAL LOOK AND DESIGN",UCYyW2Y3mcZwCUQypl_ZlKmQ,2025-10-25T01:13:58Z,4236,23,2
2026-10-03,P043,v1,2bDLRhJl0n8,Realme GT 8 PRO a Quick Unboxing,UCgv-i8pFruAGaTI7FmAPL3Q,2025-10-16T09:12:12Z,4963980,110664,513
2026-10-03,P043,v1,2wGrwLLcZeA,Realme GT 8 Pro Gaming Review – SD 8 Elite Gen 5 or aisi Performance? Impossible! 😳,UC9CowaN91gLuFaFF92t9fWQ,2025-11-21T16:40:24Z,137089,2274,261
2026-10-03,P043,v1,3_qxrAZtMf4,"Realme GT 8 Pro review in Hindi: Great performance, but what about the camera? ⚡",UCAnVEUKmO_0BFbaneK4D5CA,2025-11-20T07:00:06Z,1337,38,22
2026-10-03,P043,v1,52yN2JeljV4,Look बदलू फोण ⚡ realme GT 8 Pro!,UCayHunLLwsvSjsRdcqSEtkQ,2025-11-12T11:19:07Z,467586,15109,103
2026-10-03,P043,v1,5MutXrY6VvA,Vivo X300 Pro vs Realme GT 8 Pro 🔥 Blind Camera Test #vivox300pro #realmegt8pro #tech #ytshorts,UCDdiXBOc6vaBdAJd2tSgwcQ,2025-12-06T09:21:31Z,84995,1781,61
2026-10-03,P043,v1,6dXz4pd0PXA,Realme GT 8 Pro Review in one minute: Should you buy the Realme GT 8 Pro?,UCx5e1u7BX0aKwEj3sdYXdXg,2025-11-20T14:30:11Z,3804,188,2
2026-10-03,P043,v1,8tlbW8k_7ww,Realme GT 8 Pro review,UCbLq9tsbo8peV22VxbDAfXA,2025-11-20T06:50:02Z,123422,1656,234
2026-10-03,P043,v1,9QvdmFUSqXs,😱Realme Form-க்கு வந்துட்டான்டா 🤯 realme GT 8 Pro Unboxing & First Look🥳 | Snapdragon 8 Elite Gen 5,UC20sXo8ReewkzNKBFgzVCPA,2025-11-20T11:10:34Z,97486,4163,272
2026-10-03,P043,v1,AJhkx4-IaYw,realme GT8 Pro | Review rápido,UCxz7sBKlpcpyCiPwXupRymw,2025-12-21T04:00:09Z,48803,3770,39
2026-10-03,P043,v1,CZ6a5ENNUNQ,realme GT8 Pro Unboxing & Impressions - இந்த Phone Camera-வை கழட்டலாம்!,UCmJlSkSkgdXama3GSUgMC4g,2025-11-22T05:30:14Z,37240,1629,78
2026-10-03,P043,v1,E2y1TcMzzBI,Realme GT8 Pro First Look - Removable Camera Bump !,UCXUJJNoP1QupwsYIWFXmsZg,2025-10-29T17:21:24Z,504679,11359,439
2026-10-03,P043,v1,E9-Kq-oOmp4,Realme GT8 Pro Review – The Flagship Beast No One Expected!,UCnM3Zz5cc2KkrWu_tnj0C7g,2025-12-13T10:04:58Z,265899,1720,204
2026-10-03,P043,v1,ErbECIkmxz0,Realme GT 8 Pro - Should you buy it or Avoid ????,UCxVjtTQJ1oFkQ3iGhOngU3g,2025-11-20T08:02:55Z,105721,2719,275
2026-10-03,P043,v1,FK8GrvelOiE,Realme GT 8 Pro Teardown — What's Inside? 🔧📱,UCY3ubXgyTQufPusAMtr_qsg,2026-09-12T10:02:50Z,5289,37,1
2026-10-03,P043,v1,IlCKmbRT7Yc,🤯 Realme GT 8 Pro,UCh3epkULEgweYn0yMe5Br4w,2025-11-21T09:56:00Z,36491,,9
2026-10-03,P043,v1,JbxXkEzjCRs,realme GT 8 Pro: Long Term Review as a Street Photographer,UCWqFQ_FXtymE-tMtwjT4eZw,2026-03-15T11:08:05Z,15360,159,34
2026-10-03,P043,v1,JjjjyEV5Rv8,OnePlus 15 vs Realme GT 8 Pro Detailed Comparison - Most Improved vs Most Refined!,UCn7DATpF0Nk-YJmjw4gMwfg,2025-11-25T07:18:51Z,131855,3048,480
2026-10-03,P043,v1,LbIjLEYUOC0,realme GT 8 Pro After 20 Days: The Good & The Bad 😐,UC8vlDm5xvbxOrCvdu9UNOiA,2025-11-21T14:30:18Z,220346,12461,483
2026-10-03,P043,v1,ML6v7p_OPaI,realme gt 8 pro vs vivo x300 pro #smartphone #tech,UCXeJvu7b7i16a9rCVpPvEDg,2025-10-25T06:24:36Z,91199,,7
2026-10-03,P043,v1,MWMo1CxGom4,Realme GT 8 Vs Realme GT 8 Pro || Specs and Review ⚡,UCPW1WvGacImtvyd8ESYFrwA,2025-10-21T11:54:08Z,7134,36,4
2026-10-03,P043,v1,NF8SQOdQtQo,Realme GT 8 Pro First Look – Snapdragon 8 Elite Gen 5🔥 #tech,UCiV0CR7iWmXEekMO4yWsOKA,2025-11-22T06:12:46Z,16393,295,3
2026-10-03,P043,v1,OoBrZXFfLkk,Realme GT 8 Pro VS Oppo Reno 15 Pro 🔥 Full Comparison | Best Phone 2026?,UCT8d8L6Y5UEEBctwrUnYW3Q,2026-01-17T12:15:09Z,1370,8,0
2026-10-03,P043,v1,OyAa5-MHY1M,Realme GT8 Pro Unboxing & First Look - New Flagship Killer?🔥🔥🔥,UCOhHO2ICt0ti9KAh-QHvttQ,2025-11-05T10:54:16Z,356782,8847,411
2026-10-03,P043,v1,UJ31dHDIRq0,Realme GT 8 Pro vs Samsung Galaxy S25 Ultra Zoom Test #realmegt8pro #samsungs25ultra,UCqfH1l833Z2qDjpzypDhzvA,2025-10-24T09:01:04Z,165800,1393,31
2026-10-03,P043,v1,Uug9ZV_Rduw,Realme GT 8 Pro | My Review | Fun Phone is Back !! | Malayalam,UC9MQp8a5uhaIosZPHaoqEXQ,2025-11-21T08:11:51Z,190041,8472,474
2026-10-03,P043,v1,V6mUgx4AGH0,Realme GT8 Pro Unboxing & First Look - Any Good?🔥🔥🔥,UCOhHO2ICt0ti9KAh-QHvttQ,2025-11-21T06:14:17Z,54186,1666,143
2026-10-03,P043,v1,VjZnP0Raetc,Realme GT 8 Pro Review – A Flagship That Isn’t Afraid to Be Weird,UCn7DATpF0Nk-YJmjw4gMwfg,2025-11-20T07:05:21Z,91139,2147,325
2026-10-03,P043,v1,WhrCAVp-sLU,"realme GT8 Pro Unboxing in ಕನ್ನಡ⚡Snapdragon®8 Elite Gen5, Ricoh GR Camera, 144Hz Display, 7,000mAh",UCPMDhcBogBPsrGQWf5qnArg,2025-11-28T08:30:20Z,47804,2077,87
2026-10-03,P043,v1,Wj6UbdUd5gE,realme GT8 Pro Unboxing & Quick Review ⚡ #shorts #tech #unboxing #realmegt8pro,UCm46RgTmoGnGvX9uPxe2-zQ,2026-07-18T12:53:24Z,1060096,34223,174
2026-10-03,P043,v1,XW61DbWpRUc,Realme GT 8 Pro Unboxing & Test (Indian Unit ) - 200MP Periscope camera Phone,UC1tVU8H153ZFO9eRsxdJlhA,2025-11-17T15:38:00Z,724797,32248,1453
2026-10-03,P043,v1,_PfwAuSFeqU,realme GT 8 Pro!! #smartphone #android,UCZXLqhqLa1sH8ZAKvbLPUQA,2025-11-07T01:34:05Z,118122,2294,17
2026-10-03,P043,v1,aWVUKtCOmEY,realme GT8 vs realme Neo8 Comparison 🔥 Paisa Wasool Kon Sa? 🤔,UC_k-Bk8mErWg6kchpkw6Asg,2026-08-06T16:31:13Z,15234,645,39
2026-10-03,P043,v1,b-7j9uTz6Kw,Ep. 4: Realme GT 8 Pro x Ricoh GR | The INCREDIBLE Collab NO ONE Saw Coming! 👀,UCHOBvDVA-q1ozIlLBpLgpEQ,2025-11-19T11:11:16Z,28399,667,89
2026-10-03,P043,v1,b0ZBEEFLNY0,"Realme gt 8 pro worth ha ellana wait panalam ? 72,999 #shorts #tech #smartphone",UCqDKVztGLzIxO9AXLduF0Tg,2025-12-07T07:27:48Z,14707,485,7
2026-10-03,P043,v1,bNgMaxZ0JBE,Realme GT 8 Pro puoli-ilmaiseksi!? #android #Realme,UC9HM9hn42HQkIw51xJTbZcQ,2026-06-15T13:04:26Z,8379,112,18
2026-10-03,P043,v1,c6BhGs6BSIw,Realme GT8 Pro – Realme’s Response to the Redmi K90 Pro Max!,UClVIlK8QHZ2PFkXF97bA0lg,2025-11-03T10:30:48Z,95649,2642,265
2026-10-03,P043,v1,ddrV_h_ktm4,Realme GT 8 Pro | First Impressions,UC9MQp8a5uhaIosZPHaoqEXQ,2025-11-07T12:23:18Z,543058,40985,306
2026-10-03,P043,v1,gxm3BIrgYoQ,Realme GT8 Pro | Review en Español y Análisis a Fondo,UC7XBUV9OuXVt8NsEx9n8pxw,2026-08-26T18:04:39Z,964,20,7
2026-10-03,P043,v1,kot8ORC6Sc8,Realme GT 8 Pro Unboxing & Gaming Review – Interchangeable Camera Bump Kit🔥 | Ultimate Gaming Beast!,UCv-rv0NzHp-DSRkoxo5TXCA,2025-11-20T15:14:58Z,92157,3411,164
2026-10-03,P043,v1,msdGW6IpqQU,realme GT 8 Pro Unboxing & initial Review || best Tech in Telugu ||,UCVELOLuREJkG81rsg9y9l8A,2025-11-29T12:53:20Z,120843,6910,225
2026-10-03,P043,v1,p3LfhPeRofM,Realme GT8 Pro Massive zoom #realmegt8pro #zoomtest #cameratest #moon zoom #thetechreview,UCqMyvcxy7YdLEXlN6AeCJ8g,2025-10-19T13:27:10Z,77331,822,2
2026-10-03,P043,v1,qcW9JsfzCB0,Realme GT8 Pro – Redmi K90 Pro Max -கு நல்ல போட்டி!,UCfHbVIuScyuQob_2XpyfMZQ,2025-11-03T13:52:16Z,119949,6614,337
2026-10-03,P043,v1,rOpbw-odqPg,വെറൈറ്റി ഐറ്റം 🔥🔥 Realme GT 8 Pro detailed unboxing and initial impressions Malayalam,UCn4S6ONdetkpxfuOteHVHhQ,2025-11-20T07:00:50Z,33265,974,109
2026-10-03,P043,v1,uot_Gku4Vwk,Realme GT 8 Pro Full Review ⚡ Best Flagship 2025 ?,UCmIxzLnRJ-tNd0dvTygWcxw,2025-11-20T07:01:00Z,4900,97,18
2026-10-03,P043,v1,vnO9qqA-ksk,Realme GT 8 Pro 🤯 The Good & The Bad,UCbQ3fJKqBAv6lChKOCB9DuA,2025-12-09T07:05:45Z,172439,3202,25
2026-10-03,P043,v1,xn72tezSqwo,Realme Gt 8 Pro Vs iPhone 17 Pro Max Camera Test Comparison,UC8fsCgPAesZtdqw2OFUSl-Q,2025-10-20T21:05:55Z,44505,360,38
2026-10-03,P043,v1,yepm3c_rVt8,Ponemos nota al Nuevo Realme GT8 Pro,UCok_yhjwg4WSx3s_2Yh8ZjQ,2025-12-11T22:01:16Z,42705,1844,58
2026-10-03,P044,v1,-jCzW7Po_H8,ഇതാണ് യഥാർത്ഥ Slim Smartphone🔥 motorola edge 70 Unboxing & Detailed Initial Review | Malayalam,UCHLmaPy_UYFvQcUp-FdpxRg,2025-12-15T06:30:00Z,98471,1937,554
2026-10-03,P044,v1,-vVzq3v3TdY,The Midrange Phone I Didn’t Want to Stop Using – Motorola Edge 70 Review,UClVIlK8QHZ2PFkXF97bA0lg,2026-01-10T12:53:41Z,195588,3323,336
2026-10-03,P044,v1,1FiaDCYuOFM,Motorola Edge 60 Pro Vs Motorola Edge 70 Camera Compare #mobilepapa #shorts,UCQGXus0kMQCUQGp04eSzCHA,2026-01-23T09:30:01Z,966719,21167,153
2026-10-03,P044,v1,2EV4x0Kv02o,Motorola Edge 70 Pro | Unboxing and Initial Review | Malayalam,UCCya-YUszMuiTAR3lfYMuog,2026-04-22T06:30:00Z,119923,2934,284
2026-10-03,P044,v1,3CtAl9_dQEM,"Motorola Edge 70 Max Unboxing & 7100mAh,SD 8 Gen 5@ ₹49,999*! #short",UCulWReu_S3rNM6s4FBJ5CEQ,2026-07-18T11:30:20Z,352916,13227,70
2026-10-03,P044,v1,6BnC1keWKbI,Motorola Edge 70 Max Review: Should You Buy?,UCvpfclapgcuJo0M_x65pfRw,2026-07-15T06:50:02Z,125393,2082,276
2026-10-03,P044,v1,6c_K1oxSA-4,എല്ലാമുണ്ട്Under 30k 🔥 No Compromise Phone 🔥moto edge 70 unboxing and initial impressions Malayalam,UCn4S6ONdetkpxfuOteHVHhQ,2025-12-15T06:30:06Z,158459,2260,599
2026-10-03,P044,v1,7kMjhblYnBA,Why moto edge 70 is Best in Ultra Thin SmartPhones Segment?? | Flipkart Exclusive ✨,UCb-xXZ7ltTvrh9C6DgB9H-Q,2025-12-16T11:21:04Z,359863,10178,415
2026-10-03,P044,v1,8KiEUcL9z9s,"Moto Edge 70 ₹27,999/- is it worth In 2026.? 🤔🔥🚀",UC-KTn5xUClpzIA9ehXG215Q,2026-08-19T08:09:59Z,5460,32,17
2026-10-03,P044,v1,BU1dm-UgrzY,"motorola Edge 70 unboxing & Test - The Slimmest phone @28,999*",UC1tVU8H153ZFO9eRsxdJlhA,2025-12-15T06:30:54Z,765951,32590,1514
2026-10-03,P044,v1,EM5AYPwefjU,"motorola edge70Pro Unboxing & First Look - All-Rounder Under ₹40,000?🔥🔥🔥",UCOhHO2ICt0ti9KAh-QHvttQ,2026-04-22T06:30:12Z,128617,3147,220
2026-10-03,P044,v1,EX8mxGKNxpg,Motorola Edge 70 Max - വേറെ ലെവൽ | Initial Review | Malayalam,UCCya-YUszMuiTAR3lfYMuog,2026-07-15T06:30:22Z,192782,4323,375
2026-10-03,P044,v1,FPfnq6Y2CF0,Big Display Problem in Moto edge 70 Fusion,UCJcMPRNRB-WIW6_hSpacI4w,2026-04-23T15:16:00Z,1351497,6777,761
2026-10-03,P044,v1,ISsZ2BkTwKY,Motorola Edge 70 MAX - Different Move !,UCS261lQDXjMvc8Jck-2CQEg,2026-07-15T06:35:35Z,589341,14241,1455
2026-10-03,P044,v1,IZxpK0NsDVQ,3 Reasons to NOT Buy the Moto Edge 70 🤔,UChpms81A8ItnbXTHgJzx5pg,2026-01-20T09:42:17Z,481828,8222,342
2026-10-03,P044,v1,IyHeYZ343ZY,Moto Edge 70 Pro Review After Real Use,UCBECG8Hc8rY4OKcuQ3zniFw,2026-07-03T11:30:23Z,332940,11868,152
2026-10-03,P044,v1,KminYy13OIU,"Motorola Edge 70 Unboxing & First Look ⚡Incredibly Thin, SD 7 Gen 4 @ ₹28,999*!",UCEPL07qzVsOcHd3sMUws65g,2025-12-15T06:30:16Z,2027450,36815,1934
2026-10-03,P044,v1,LBTMvNRbs1s,"Motorola Edge 70 Review | iPhone Air, Get In The Bin!",UCVLN0tY51ewH44wUtx3YZTA,2025-11-12T14:00:39Z,430504,7224,612
2026-10-03,P044,v1,MFrOplofldg,Motorola Edge 70 Fusion ⚡ Honest Review in 100 Seconds | Worth It?,UCwauzGOVh_98d1IpplUC2DA,2026-04-05T13:05:56Z,332919,14911,239
2026-10-03,P044,v1,M_f9rJAZwtw,Moto Edge 70 ‼️Insanely Slim || வேற மாறி வேற மாறி💥,UC20sXo8ReewkzNKBFgzVCPA,2025-12-15T07:37:39Z,290517,6840,563
2026-10-03,P044,v1,MyvT0_f2UAs,Moto Edge 70 After 15 Days Of Usage || IN DEPTH HONEST REVIEW ||,UCJAWXtmA7f0azO1_uvO-HlA,2025-12-25T05:34:31Z,174114,4585,622
2026-10-03,P044,v1,N2oKR2gBKNw,"vivo T5 Pro vs motorola Edge 70 Pro - which makes more sense for ₹40,000?",UCBECG8Hc8rY4OKcuQ3zniFw,2026-10-02T07:00:24Z,32241,397,72
2026-10-03,P044,v1,NpURzNeH7qU,Motorola Edge 70 – No Compromise? 🤔,UCBECG8Hc8rY4OKcuQ3zniFw,2026-02-23T05:00:22Z,995031,28503,279
2026-10-03,P044,v1,QjzzcMAKyao,Motorola Edge 70 - Everything You Need to Know ! *10 Points*,UCdoDYkupTElV62K7ttA_E4w,2025-12-18T15:30:30Z,333685,6092,416
2026-10-03,P044,v1,S8tsj3hD5Rc,🚨ULTIMATE BEAST Motorola Edge 70 Is Here! #motorolaedge70 #shorts,UCIlRv0yohdhL8gOQzjIuD2A,2026-03-08T18:08:06Z,6281733,39821,539
2026-10-03,P044,v1,SGbfw9gJDZ8,"Moto Edge 70 vs Moto Edge 70 Fusion - Best Smartphone Under 30,000? #motoedge70 #motoedge70fusion",UCI_l0eBp252TD1Ie5N3v5qw,2026-04-10T14:22:29Z,2259381,61294,613
2026-10-03,P044,v1,SR9aXmOKYhE,Moto Edge 70 Pro Unboxing & initial impressions || Everything Changed🤔?,UCb-xXZ7ltTvrh9C6DgB9H-Q,2026-04-22T06:32:52Z,233922,9471,453
2026-10-03,P044,v1,Uh8PYF9jOVg,Motorola Edge 70 – 5 Powerful Reasons You Must Buy This Smartphone! 📱🔥,UCxv6zv7gbieQIgtbeViqSXw,2025-12-15T16:55:00Z,904782,20321,441
2026-10-03,P044,v1,W4tlq8Q9G7M,Motorola Edge 70 Pro vs Motorola Edge 60 Pro,UCmAvmg7u6LmzAVqIcXY2-WQ,2026-04-22T07:30:30Z,62810,479,10
2026-10-03,P044,v1,WXqgWp5zoHI,Moto Edge 70 Indian Unit: Real Differences You Must Know,UC8vlDm5xvbxOrCvdu9UNOiA,2025-12-15T06:30:27Z,343179,10195,877
2026-10-03,P044,v1,_G7a8rRm_N8,Moto Edge 70 Vs Moto Edge 60 Pro Camera Comparison #mobilepapa #shorts,UCQGXus0kMQCUQGp04eSzCHA,2026-03-18T06:30:17Z,418595,7163,101
2026-10-03,P044,v1,bG0wpswg9xg,"Motorola Edge 70 Fusion Unboxing & Test - Best Value for Money Phone @24,999*?",UC1tVU8H153ZFO9eRsxdJlhA,2026-03-06T06:30:43Z,1030198,42604,1502
2026-10-03,P044,v1,bbSUk9sphP0,இந்த Midrange Phone -அ use பண்ணிட்டே இருக்கணும் போல இருக்கு – Motorola Edge 70 Review,UCfHbVIuScyuQob_2XpyfMZQ,2026-01-10T13:49:50Z,250810,7867,469
2026-10-03,P044,v1,edpM5tthnCI,Motorola Edge70 - Thin Phone that doesn't cost a bomb!,UCO2WJZKQoDW4Te6NHx4KfTg,2025-12-15T06:37:44Z,186556,4439,485
2026-10-03,P044,v1,fFO7SJOwigw,Motorola Edge 70 vs Motorola edge 70 fusion camera test.,UCtzam730WkXKPFJPE6bASpA,2026-04-10T12:08:47Z,1865173,9169,67
2026-10-03,P044,v1,gkegQEOcd-Q,"Motorola Edge 70 Pro ⚡ Premium Design, & Camera! Worth It? 🔥",UCsUhB4YgJUxa9Od_Rji4rXA,2026-10-02T10:27:51Z,9260,128,0
2026-10-03,P044,v1,h9xmWscrUh4,MOTOROLA Edge 70 Unboxing & Initial Impressions || Thinnest Phone in Segment 😱?,UCb-xXZ7ltTvrh9C6DgB9H-Q,2025-12-15T06:33:37Z,576960,16801,769
2026-10-03,P044,v1,hxA8nprEf3s,OPPO K14 Plus 5G vs Moto Edge 70 Fusion Full Comparison & Camera Test | Best Phone Under 25000,UCAsVow-8MdMejn4LpwzWDWQ,2026-10-03T09:56:06Z,2820,92,10
2026-10-03,P044,v1,k3a1a0ZwWrI,Motorola Edge 70 Series: Which One Should You Buy? (Fusion to Max Tested!) 📱🔥,UCWJedqvdP2gB2f3qaJCO05g,2026-10-01T12:33:15Z,10575,57,12
2026-10-03,P044,v1,nxynGd-tp4w,New Motorola Edge 70 - It's Different !,UCS261lQDXjMvc8Jck-2CQEg,2025-12-15T07:01:06Z,701792,16392,1459
2026-10-03,P044,v1,oRpzgCQVRO8,Motorola Edge 70 Pro+ | Unboxing and Initial Review | Malayalam,UCCya-YUszMuiTAR3lfYMuog,2026-06-04T06:30:30Z,97157,2507,299
2026-10-03,P044,v1,om-fn3F0afA,📱Moto Edge 70 🤯ஒல்லியா இருந்தாலும் ஐயா கில்லியா இருக்குமா......??? 😎,UCnpBi6jWkLeBcHoEqtPDBJw,2026-03-07T09:29:00Z,177839,4911,294
2026-10-03,P044,v1,qSLIqZl5d4M,"Motorola Edge 70 Pro 90 Days Later - Best Phone Under Rs 40,000?",UCn7DATpF0Nk-YJmjw4gMwfg,2026-08-25T10:42:29Z,181385,1611,212
2026-10-03,P044,v1,s7JIW6_rbt0,Moto Edge 70 Fusion Honest Review : Still UNDERRATED in 2026 🔥,UC8vlDm5xvbxOrCvdu9UNOiA,2026-09-21T14:30:13Z,293997,4386,607
2026-10-03,P044,v1,sWp-kAqrpdU,Moto Edge 70 - Full Review after 50 Days of Real Life Usage - Compromises??,UCBECG8Hc8rY4OKcuQ3zniFw,2026-02-21T06:45:10Z,399720,4675,438
2026-10-03,P044,v1,tAUnHj8Vp9s,"Motorola Edge 70 Max Unboxing & First Look ⚡ SD 8 Gen 5, 2K + 144Hz, 7100mAh @ ₹49,999*!",UCEPL07qzVsOcHd3sMUws65g,2026-07-15T06:34:35Z,968087,19780,868
2026-10-03,P044,v1,uYu-XPY7Jcw,"Motorola Edge 70 Pro Camera Test: No Telephoto, No Problem? 📸 Better than Vivo V70FE? 😱",UCB6wK0TqXvbSlwH4MjQ7ACg,2026-05-07T13:44:27Z,26480,,12
2026-10-03,P044,v1,ukXfpyMCCzo,motorola Edge 70 Fusion Unboxing & Initial Impressions | A Best Buy in Budget🤔?,UCb-xXZ7ltTvrh9C6DgB9H-Q,2026-03-06T06:33:11Z,579829,17855,632
2026-10-03,P044,v1,vWQAcItxrW8,Motorola Edge 70 Pro VS Motorola Edge 70 Fusion VS Motorola Edge 70 VS Motorola Signature,UCaxWAd6mcrL1CWZdkUR4Kwg,2026-04-27T15:08:01Z,179420,1167,28
2026-10-03,P044,v1,wFeIVZ6ZgAo,MOTOROLA EDGE 70 FUSION‼️🩵In DiSplay FinGerprint🫆(24GB/256GB)❤️‍🔥7000mAh🔋68w Fast CharGer🔌#motorola,UCyFL8OF4lMpbNsnh2Ua0ZaA,2026-09-29T04:05:54Z,59976,931,1
2026-10-03,P046,v1,-H2H4KTJpRY,❌️ Buy Or Not Oppo Reno 15 : 4! Biggest Problems,UCEHsdNk_0qXFU_Qof8lvO0w,2026-01-31T15:49:32Z,765302,4839,402
2026-10-03,P046,v1,-a6T93KVaZk,ĐÁNH GIÁ OPPO RENO 15 SAU 1 TUẦN: LIỆU CÓ TIẾP TỤC LẬP KỶ LỤC DOANH SỐ???,UCOygiQNXiiQ_rpRjHU5ri-A,2026-01-19T11:36:34Z,27429,369,46
2026-10-03,P046,v1,0fyBSFKTlTM,OPPO Reno 15 Unboxing & initial impressions 🔥 120X Zoom Test | Reno 15 vs 15 Pro vs 15 Pro Mini,UCv-rv0NzHp-DSRkoxo5TXCA,2026-01-08T08:00:57Z,100391,1867,66
2026-10-03,P046,v1,2GWoDYCDa7A,Don’t Buy Oppo Reno 15 Before Watching This! 😬 | Tamil Review,UCVFmeplL7nZ7uwkvNa_rbng,2026-02-18T14:30:01Z,10835,238,42
2026-10-03,P046,v1,3n5xAvPkzLU,What is Wrong with OPPO Reno 15 Pro !,UCS261lQDXjMvc8Jck-2CQEg,2026-01-13T15:45:00Z,484611,12862,886
2026-10-03,P046,v1,4h7D7wKCnVk,"Oppo Reno 15 5g Review After 15 Days || Camera Test, 6500mAh, Zoom Test",UCcCI4FrPvZiQtDBqlVofaXw,2026-01-19T04:16:14Z,33251,337,24
2026-10-03,P046,v1,6RYg18xGDM0,Oppo Reno 15 Full Review : An iPhone Lover's Favorite Android Phone | in Telugu 2026,UCT6eHZTWTeiBph-2gtJ5mAw,2026-04-01T03:28:36Z,1896,34,2
2026-10-03,P046,v1,73O_Saj0Law,OPPO Reno15 & 15 Pro Mini Unboxing & Test - Best Compact OPPO Phone ?,UC1tVU8H153ZFO9eRsxdJlhA,2026-01-08T07:25:47Z,939242,33316,1181
2026-10-03,P046,v1,750CXOzo5B8,Is It Worth to BUY OPPO Reno 16 vs OPPO Reno 15 🔥 4 Major Differences,UC_k-Bk8mErWg6kchpkw6Asg,2026-09-05T16:53:30Z,102083,3323,284
2026-10-03,P046,v1,7ao-kvx8-VM,Oppo Reno 15 *Long Term Review* After 60 Days –Worth the Price? 😬,UC65j6N2yqICxwRfE116A0vw,2026-02-26T05:30:02Z,4949,81,27
2026-10-03,P046,v1,BTJuD2AlVNU,Oppo reno 15 detailed Malayalam review | budget king #opporeno15 #opporeno15malayalam,UCz8qTw5YgFlU-cDHKab0_eQ,2026-01-03T15:50:30Z,8098,134,29
2026-10-03,P046,v1,BTtBqtIAKH8,"OPPO Reno 15 Long Term Review - Good, Bad & Ugly.",UCJBum6t1cae7zxQQQDNDeCw,2026-02-25T08:59:37Z,37766,503,103
2026-10-03,P046,v1,BktPT37Iy-k,OPPO Reno 15 Series Unboxing || Reno 15 Pro Mini vs Reno 15 Pro vs Reno 15 ||,UCb-xXZ7ltTvrh9C6DgB9H-Q,2026-01-08T07:35:42Z,456025,15995,555
2026-10-03,P046,v1,Cs5Cl2eX3Zk,OPPO Reno 15 & Reno 15 Pro | Unboxing & Quick Review Malayalam 🔥 Best Camera Smartphone?,UCHLmaPy_UYFvQcUp-FdpxRg,2026-01-08T15:44:26Z,55382,632,109
2026-10-03,P046,v1,DZGFlyKXx0M,Oppo Reno 15 Unboxing & Review 🔥 Best Camera Phone Under 50K? #oppo #opporeno15 #techreviews,UC8mtTjWrzdUBtdp6HPlQrOg,2026-01-28T15:20:22Z,1173,79,22
2026-10-03,P046,v1,EaR85Y876YI,"OPPO Reno 15,15Pro & Mini | Camera King is Coming!! | | in Telugu",UCBkYCgSTuzJmfyXVKEVfmJQ,2026-01-04T02:28:00Z,50959,2115,148
2026-10-03,P046,v1,FHed4SBh33k,OPPO RENO 15 VS HONOR 600 || Which one is more worth-it to buy?,UCxeMaHl-ZWIAEXtlZEV69Ug,2026-04-11T14:00:33Z,16453,52,3
2026-10-03,P046,v1,HEwBtDzoIEE,சும்மா கலக்குறீங்களே... The Best Reno Phone? 😱 Unboxing & First Look ⚡,UC20sXo8ReewkzNKBFgzVCPA,2026-01-08T09:38:56Z,221540,5389,244
2026-10-03,P046,v1,HTuaER0J6D4,"Vivo V70 vs Oppo Reno 15 – Best Camera Phone Under ₹45,000? 🔥 Full Comparison || In Telugu ||",UCv-rv0NzHp-DSRkoxo5TXCA,2026-02-23T14:10:30Z,113347,2175,105
2026-10-03,P046,v1,Ip2aL3QhQO4,OPPO Reno 15 in telugu | Good Phones But OverPriced | My Opinion | in Telugu,UCBkYCgSTuzJmfyXVKEVfmJQ,2026-01-09T17:02:22Z,25258,1161,119
2026-10-03,P046,v1,J3nQUjPqDoc,Oppo Reno 15 Review in Tamil,UCLftU_ZjABR24KDKl_t3j0A,2026-02-17T13:30:19Z,182127,9390,60
2026-10-03,P046,v1,JJe0bOEdnwo,Oppo Reno 15 Review After 30 Days 🔥 Honest Long Term Review | Worth Buying?,UCi84N4Hgzpvfl1JpRKd6l2w,2026-02-10T10:04:44Z,3984,71,6
2026-10-03,P046,v1,KmGOR4WN_so,OPPO Reno 15 & 15 Pro Mini — 2026 Compact War 😵🔥,UC8vlDm5xvbxOrCvdu9UNOiA,2026-01-08T07:25:40Z,438219,10049,474
2026-10-03,P046,v1,MjuAPDb5LoY,இந்த Phone நல்ல இருக்கா? — OPPO Reno 15 & Reno 15 Pro First Impressions! 😄🔥,UCkpgytHFxc69qJzxkukYyOw,2026-01-08T08:01:16Z,164010,2752,87
2026-10-03,P046,v1,MnxIc2sJk34,Oppo Reno 15 series review || paid review കണ്ട് പെട്ടുപോകുന്നവർ,UCViy7YsWc11lvfOSihQh28w,2026-01-19T05:15:17Z,39608,896,1065
2026-10-03,P046,v1,PHHF-b0JAV0,OPPO Reno 15 Series Unboxing & Impressions - இந்த குட்டி Phone Sudden Surprise!,UCmJlSkSkgdXama3GSUgMC4g,2026-01-09T05:56:12Z,173375,4478,181
2026-10-03,P046,v1,PJB34WeW0nc,OPPO Reno15 Reality - Hidden Truth You Must Know Before Buying,UCO-1p4wZGeKmOlpFEzYTKLw,2026-01-08T15:49:31Z,27434,911,97
2026-10-03,P046,v1,PuQSSrjAmDw,OPPO Reno 15 Detailed Review | Best Phone?,UCvIhADotRzZd_CBxq1nntwQ,2026-02-16T13:54:10Z,61591,928,148
2026-10-03,P046,v1,Wg6k8QKYigE,"OPPO Reno 15 Unboxing & Honest Review 🔥 Camera, Performance & Full Verdict!",UCppsSrfsAdlR_wDO8QC3YYQ,2026-01-30T14:45:04Z,3448,,37
2026-10-03,P046,v1,YdsSyaOr22s,"OPPO Reno 15 Unboxing & Full Review | 120X Zoom, 3.5X Telephoto Camera Test🔥",UCBaBAc_6YS-j5CAbHc4hZkw,2026-01-07T17:14:28Z,139002,2211,100
2026-10-03,P046,v1,Z37xXPws7Mw,OPPO Reno15 & 15 Pro Mini - New Compact Phone of 2026 !,UCS261lQDXjMvc8Jck-2CQEg,2026-01-08T08:44:50Z,360736,9186,931
2026-10-03,P046,v1,bIY4klVJ3wI,ওপ্পোর সবথেকে জনপ্রিয় ফোন | Oppo Reno 15 Series in Bangla #techsciguy #smartphone #bengalitechie,UCtu_QzoqdLjRt3Nmqe7aeqg,2026-01-15T13:30:53Z,110705,1981,122
2026-10-03,P046,v1,c95yaIrebLA,Oppo Reno 15 After 15 Days of Usage - DETAILED REVIEW,UCI_l0eBp252TD1Ie5N3v5qw,2026-01-22T07:07:00Z,298214,3623,245
2026-10-03,P046,v1,cm_Cw5zVlK8,"Best Camera Phone Under ₹40,000 | OPPO Reno15 vs Realme 16 Pro+",UCJAWXtmA7f0azO1_uvO-HlA,2026-01-12T06:29:35Z,80918,2202,248
2026-10-03,P046,v1,dPUdCklcN9M,OPPO Reno 15 Series - Watch Before You Buy || My Opinion In Telugu,UCvPChEQsmzA8BC8MXXqJ4TA,2026-01-13T02:29:00Z,22600,680,152
2026-10-03,P046,v1,f9TK6jp1Tj8,Oppo Reno 15 vs iPhone 15 || Full Comparison,UCS99VyaRD4HA7BK2BtFL8fw,2026-01-15T05:58:54Z,30047,136,4
2026-10-03,P046,v1,ge0Tb-J98ak,"OPPO Reno 15 & 15 Pro mini Unboxing & First Look ⚡ 200MP, 3.5x Tele, IP69 & More",UCEPL07qzVsOcHd3sMUws65g,2026-01-08T07:33:09Z,1734829,31681,1467
2026-10-03,P046,v1,gn3uG84coDo,😎Stylish Camera King?? 📸OPPO Reno 15 Full Review‼️,UCMkws09v_kx4La8So1xOogA,2026-01-17T14:01:16Z,19759,374,18
2026-10-03,P046,v1,jtLm-jEAlgY,OPPO Reno 15 Series: The Compact Phone You’ve Been Waiting For?,UCKk9JCBLDy6bOp5cUAQYrUQ,2026-01-12T14:35:52Z,112091,1980,255
2026-10-03,P046,v1,lo0Eh48svOM,"OPPO Reno 15 – 4 Solid Reasons Why It’s the BEST Under ₹45,000! 🔥📱",UCxv6zv7gbieQIgtbeViqSXw,2026-01-09T09:49:02Z,129474,2988,91
2026-10-03,P046,v1,phzr5Bqg3WA,Oppo Reno 15 Detailed Review 😡 | Overhyped ya Overprice ?,UCq922mRaTXUVjdUOaG9N5hQ,2026-03-17T11:38:10Z,2282,36,39
2026-10-03,P046,v1,q_JqtKtvpno,OPPO Reno 15: চমক দেখাতে পারল কি?,UCpum5I3etoFHzp8ixpKuRmA,2026-01-18T13:59:12Z,34201,1236,182
2026-10-03,P046,v1,rvifHtsk4CU,OPPO Reno 15 & 15 Pro Mini | Unboxing & First Look | Malayalam,UCCya-YUszMuiTAR3lfYMuog,2026-01-08T15:37:27Z,182994,3333,274
2026-10-03,P046,v1,t_OwqkeTL-Y,OPPO Reno 15 Series Unboxing & First Look - Complete Premium Experience!🔥🔥🔥,UCOhHO2ICt0ti9KAh-QHvttQ,2026-01-12T10:01:17Z,159409,3074,269
2026-10-03,P046,v1,vHtMIz1dHnk,"Oppo Reno 15 5G - Unboxing and Review | Is It A Worthy Upgrade? | Rs. 159,999",UCs2CReSOxze9hUknRowMdAA,2026-01-29T14:38:25Z,43611,829,229
2026-10-03,P046,v1,wSSM5d4UhTk,"OPPO Reno 15 Review Telugu 2026 | Camera Test, Gaming & Battery Full Analysis",UCmA0IeFqO3uoIcZDDn6go-w,2026-01-29T12:56:39Z,16645,404,41
2026-10-03,P046,v1,wWdmkWWFWK4,OPPO Reno15 5G Review,UCF8kWC5EHipzFEhEwsASrEg,2026-02-12T16:00:00Z,29305,168,17
2026-10-03,P046,v1,xH30Nduey9k,"OPPO Reno15 Series Unboxing in ಕನ್ನಡ⚡Dimensity 8450, 1.5K AMOLED, 200MP, 6,500mAh, 80W SUPERVOOC™",UCPMDhcBogBPsrGQWf5qnArg,2026-01-08T13:56:34Z,143455,3762,124
2026-10-03,P046,v1,xLiH5GuSMr4,Oppo Reno15 review: The midrange cameraphone to get?,UCbLq9tsbo8peV22VxbDAfXA,2026-02-05T16:45:07Z,99422,1065,82
2026-10-03,P046,v1,yEai2qEU_ps,Oppo Reno 15F 5G | Is This Still The Best Midrange Phones Today? Full Review,UCaTIlG2lHILX7Gbe6OBi4IQ,2026-05-11T12:31:14Z,58904,1746,1102
2026-10-03,P057,v2,-NzhLKDausI,Google Pixel 9a is here - Software🗿 but Price??,UC1tVU8H153ZFO9eRsxdJlhA,2025-04-15T15:07:20Z,675808,17870,857
2026-10-03,P057,v2,0Ai0DYUjdVw,Google Pixel 9 Review One Year Later: Underrated!,UCwxAYcXHBEbZ5Vajwg0c9sA,2025-08-19T19:56:14Z,125492,1476,150
2026-10-03,P057,v2,2EiPOfj1314,Google Pixel 9 Review After Price Drop in 2025 — Things You Must Know🔥,UCmQjwvkaB6MPobHnkNKtJJQ,2025-09-16T12:13:58Z,384095,2312,475
2026-10-03,P057,v2,2NzRK2_JxIs,Using Pixel 9 Pro for 100 Days - A Detailed Review!,UCjhF_Fpu-h9XszSUC9un-aQ,2025-01-05T15:30:01Z,166701,2612,420
2026-10-03,P057,v2,4NSxlw8k0Tk,Google Pixel 9 & Pixel 9 Pro XL Unboxing & First Look - Best AI Smartphones🔥🔥🔥,UCOhHO2ICt0ti9KAh-QHvttQ,2024-08-21T17:00:07Z,864650,21410,1107
2026-10-03,P057,v2,4alsP5aIEJA,Google Pixel 9 Unboxing Feat. iPhone 15 ⚡Best Compact Flagship Is..,UCEPL07qzVsOcHd3sMUws65g,2024-08-28T09:20:44Z,1731773,31311,1128
2026-10-03,P057,v2,4ivpeL7r_nc,Pixel 9 or S24 Plus in 40k BBD 2025,UCGe2H0g6O2ywpdD8bQQgBIg,2025-09-03T11:30:04Z,1038468,9317,37
2026-10-03,P057,v2,55Io4Zgsir0,¿CUÁL ES EL MEJOR? iPhone 16 vs Pixel 9,UC8IPcF4sxZt1TCs7la4EYtw,2024-10-12T14:15:00Z,806506,34532,608
2026-10-03,P057,v2,63EVXf_S4WQ,Google Pixel 9/Pro/Fold Impressions: They've Finally Done It?,UCBJycsmduvYEL83R_U4JriQ,2024-08-13T17:00:45Z,7176493,223030,10874
2026-10-03,P057,v2,6J1C2nlmB8Y,என்ன..?📱 PIXEL ஆளே மாறிட்டேல்..!😱 #shorts #pixel #pixel9a #googlepixel,UCnpBi6jWkLeBcHoEqtPDBJw,2025-04-21T02:20:44Z,6167229,227866,387
2026-10-03,P057,v2,8jgxffmOMIA,Google Pixel 9a full review,UCbLq9tsbo8peV22VxbDAfXA,2025-04-30T17:08:32Z,240866,2714,274
2026-10-03,P057,v2,9AZ1GjWEgWk,Google Pixel 9 Vs iPhone 15!,UCE2xAWyWyOpZz4CtRI7K8Bg,2024-09-03T13:30:04Z,2741248,42933,97
2026-10-03,P057,v2,AKfp_exNrA4,Google Pixel 9 Pro XL | 1 Month Review | I Love it !! | Malayalam,UC9MQp8a5uhaIosZPHaoqEXQ,2024-09-29T03:49:52Z,695726,18780,1191
2026-10-03,P057,v2,BTvMIolyidA,"Google Pixel 9 Review in 2026🔥Performance, Gaming,Camera & Battery Monster ?",UC_aWLhlmvGMEeFNZAgaoiew,2026-07-13T14:00:19Z,5731,77,10
2026-10-03,P057,v2,BcJRXRJ0F-Y,This Android KING Killed Apple AI but.. 🔥🔥🔥 ft Google Pixel 9 & 9 XL,UC20sXo8ReewkzNKBFgzVCPA,2024-08-22T15:23:23Z,362508,7970,297
2026-10-03,P057,v2,C8fGXBqipiE,"Google Pixel 9 || Rs.34,999 || Flipkart Big Billion Days Sale 2025 లో కొనొచ్చా ?",UCVELOLuREJkG81rsg9y9l8A,2025-09-18T15:33:02Z,369849,7214,289
2026-10-03,P057,v2,Cpgg4JFsrB4,😱மொரட்டு Android Phone📲 | Pixel 9a | ⭐️Tech SuperStar⭐️,UCnpBi6jWkLeBcHoEqtPDBJw,2025-04-21T03:10:37Z,475609,13420,474
2026-10-03,P057,v2,E5cfM4UHBDI,"My Favorite Base Pixel, STILL! - Google Pixel 9 - Worth it in 2026? (Real World Review)",UCtKSgluMmvOVWwYyxZP-vjA,2026-08-09T17:00:17Z,9427,115,41
2026-10-03,P057,v2,EGkGRs6YhoM,Google Pixel 9/Pro Review: Gimmick or Good?,UCBJycsmduvYEL83R_U4JriQ,2024-08-21T17:01:43Z,7381637,170260,9610
2026-10-03,P057,v2,FTsv671E6QI,Google Pixel 9 Pro XL Phone is here - My Experience🗿?,UC1tVU8H153ZFO9eRsxdJlhA,2024-08-23T15:43:22Z,995298,34236,966
2026-10-03,P057,v2,Fi-ChFK6rfg,I used Google Pixel 9 for 30 days - Heating is REAL 🔥,UCdoDYkupTElV62K7ttA_E4w,2025-01-19T15:30:07Z,482229,8882,786
2026-10-03,P057,v2,IAqq9MY06YA,Google Pixel 9 Pro Unboxing & First Look - Best Compact Flagship?🔥🔥🔥,UCOhHO2ICt0ti9KAh-QHvttQ,2024-11-07T08:45:00Z,797241,15660,753
2026-10-03,P057,v2,Ko8izElxEA4,GOOGLE PIXEL 9 | BUY OR NOT ? 🔥,UCK5_YTjw6vHngg8OUJ1QKzw,2024-09-03T14:30:06Z,330723,7133,55
2026-10-03,P057,v2,NT3VUpsCtSo,Google Pixel 9 Review & FAQ | Can I recommend it,UCO2WJZKQoDW4Te6NHx4KfTg,2024-09-09T07:05:06Z,221518,4072,392
2026-10-03,P057,v2,T0S5fZjQlcY,Pixel 9 - Pixel is BACK | Raw Reviews Ep 1 | Malayalam,UCCya-YUszMuiTAR3lfYMuog,2024-10-03T09:42:53Z,257479,11938,631
2026-10-03,P057,v2,WA19ejOal_4,Google Pixel 9 In 2026! (Still Worth Buying?) (Review),UCy1PnKNVtEG-SfSzyIfnvrA,2026-04-27T20:00:20Z,15800,153,21
2026-10-03,P057,v2,WNq7PaUcHKU,Google Pixel 9 Unboxing (Porcelain!) 📱,UC55Jb99LT3IINRY_g5V6rtA,2024-08-21T22:34:32Z,489991,7162,11
2026-10-03,P057,v2,XjJzNbz9_Vw,Google Pixel 9 Series Unboxing & initial impressions || Ft. Google Pixel 9 Pro XL & Google Pixel 9,UCb-xXZ7ltTvrh9C6DgB9H-Q,2024-08-21T17:00:54Z,908509,26025,630
2026-10-03,P057,v2,ZldY-2HR3-M,Pixel 9 has a BIG problem😳#smartphone,UCPMIXPIhGp2WJzocPRQiM1w,2024-12-10T15:29:12Z,2630955,53357,1318
2026-10-03,P057,v2,_5Ae1MqtGAY,Google Pixel 9 & Pixel 9 Pro XL is here !,UCS261lQDXjMvc8Jck-2CQEg,2024-08-24T15:59:16Z,612190,18995,1015
2026-10-03,P057,v2,_QPltU9nXk8,Google Pixel 9a Unboxing & initial impressions || in Telugu ||,UCb-xXZ7ltTvrh9C6DgB9H-Q,2025-04-12T14:46:30Z,825516,21394,524
2026-10-03,P057,v2,_glUAE2e-C4,Most Improved Pixel Phone - Pixel 9 Pro Review !,UCS261lQDXjMvc8Jck-2CQEg,2024-12-23T17:06:29Z,718373,26347,1374
2026-10-03,P057,v2,_yjQ363bfYk,Google Pixel 9a Review in 2026 - Does this make More sense Now?,UCmQjwvkaB6MPobHnkNKtJJQ,2026-03-17T11:42:04Z,60372,456,92
2026-10-03,P057,v2,a8Xr1hB5SBA,Google Pixel 9 - A Long Term User Review,UCTzLRZUgelatKZ4nyIKcAbg,2025-02-02T16:51:35Z,340402,6072,623
2026-10-03,P057,v2,bU4saR_oI8Q,Google Pixel 9a Unboxing & Quick Review ⚡ Don’t Buy Yet! 🙂,UCEPL07qzVsOcHd3sMUws65g,2025-04-14T10:53:17Z,1395222,26536,1335
2026-10-03,P057,v2,bfuCOm7lKSo,Google Pixel 9 Pro full review,UCbLq9tsbo8peV22VxbDAfXA,2024-09-20T07:03:42Z,482616,4035,311
2026-10-03,P057,v2,c3DALACYvCM,Google Pixel 9 Pro XL - Pure Hype?,UC_EVEua8JBc7diG26WV02IA,2024-09-12T10:00:10Z,59147,698,233
2026-10-03,P057,v2,esWIaw0TgN4,Watch This Before Buying Google Pixel 9 | Review,UC7kHI08wxkiWoI0QQZARBow,2024-09-15T13:21:23Z,102964,1496,160
2026-10-03,P057,v2,fkzPG0k6rSk,Google Pixel 9 review,UCbLq9tsbo8peV22VxbDAfXA,2024-08-28T16:58:29Z,477960,4405,388
2026-10-03,P057,v2,g_yxXbr7cZE,Google Pixel 9 & 9 Pro XL Unboxing in ಕನ್ನಡ⚡The Best Android Phone of 2024?,UCPMDhcBogBPsrGQWf5qnArg,2024-08-24T12:56:40Z,236263,9009,272
2026-10-03,P057,v2,hA413DyXL_0,Google Pixel 9 heavy discount in big billion day | big billion day smartphone #smartphone #tech,UCXeJvu7b7i16a9rCVpPvEDg,2025-09-17T14:06:31Z,1375618,,191
2026-10-03,P057,v2,hCwyBnmMYGk,Google Pixel 9a: *The REAL TRUTH* 🧐,UCp3T5fUUJootTrVwGDdY6pw,2025-04-16T06:00:38Z,402185,2707,177
2026-10-03,P057,v2,iqEAP5rQN9w,1 Month With The Porcelain Pixel 9! Full Review,UCE2xAWyWyOpZz4CtRI7K8Bg,2024-10-13T06:30:15Z,182256,3080,292
2026-10-03,P057,v2,jwu1WPnNDFQ,Pixel 9 Full Review 2025 - The Pixel Perfect!,UCpt3nYYT9tQw3M_fp25RrZw,2025-09-30T17:19:50Z,67735,816,205
2026-10-03,P057,v2,l0gVnq-dSqE,"Pixel 9 Review in 2025 - फक्त ₹34,999 मध्ये! ⚡ Flipkart BBD Sale offer 👀",UCayHunLLwsvSjsRdcqSEtkQ,2025-09-16T13:40:25Z,408350,5014,569
2026-10-03,P057,v2,osHlHwcQtgo,Google Pixel 9 Under 150K 😱 3 Reasons to Buy & 2 Reasons to Skip!,UC_k-Bk8mErWg6kchpkw6Asg,2026-07-07T17:00:20Z,75832,2099,77
2026-10-03,P057,v2,r30oGuDjPhk,"Pixel 9 After 2 Years: Don't Waste Money On ""Pro"" Phones!?",UCQD826iUmIVugZ9txWu0yag,2026-01-10T14:01:36Z,60129,1570,121
2026-10-03,P057,v2,wP9ZgYgIkZo,Google Pixel 9a Unboxing & First Look - Affordable Pixel Experience?🔥🔥🔥,UCOhHO2ICt0ti9KAh-QHvttQ,2025-04-11T14:22:09Z,556536,10033,469
2026-10-03,P057,v2,xHMCCKFa9o0,Google Pixel 9 Slow Motion Camera Test,UCVWVAvoMK7BFu0NHH8cM1gg,2025-04-15T18:19:37Z,2274357,14601,63
2026-10-03,P057,v2,z3AhW1c9d5c,Upgradenya Paling Berasa! - Google Pixel 9 Quick Review,UCWJkHaP6iClKapmtJXBniPw,2024-08-30T05:55:00Z,86097,1393,239
2026-10-03,P059,v1,1CV5MWezsw0,Redmi Note 14 Pro Plus: This Phone Deserves XIAOMI's ATTENTION!,UCvpfclapgcuJo0M_x65pfRw,2024-10-22T12:04:54Z,147922,3869,381
2026-10-03,P059,v1,34cAacm6p6Y,"Xiaomi Redmi Note 14 Pro+ 5G: um ""top de linha de entrada""?",UC_bXJnsgwOqEPA_-6N6faKw,2025-04-07T21:00:04Z,115521,6325,315
2026-10-03,P059,v1,5EdMPK-RcWw,Redmi Note 14 Pro+ Review: EVERYTHING You Need to Know,UCZDeyDl9zh65Zm5Tp7df0eQ,2025-01-10T11:00:11Z,68805,862,120
2026-10-03,P059,v1,5s9FTlAfmGU,Xiaomi Redmi Note 14 Pro+ (Global) review,UCbLq9tsbo8peV22VxbDAfXA,2025-01-24T10:30:05Z,590205,4172,330
2026-10-03,P059,v1,6RpNgnqfShg,Redmi Note 14 Pro+ has GREAT Design and Camera!,UCdoDYkupTElV62K7ttA_E4w,2024-12-24T15:30:02Z,288700,8845,511
2026-10-03,P059,v1,CjVLlRv5iz4,Redmi Note 14 Pro plus Review - 7 Days Later || Better than Moto edge 50 pro ?,UCi84N4Hgzpvfl1JpRKd6l2w,2024-12-11T15:28:40Z,16104,305,56
2026-10-03,P059,v1,DJd3GqSsr3M,Redmi Note14 Pro plus Unboxing ! Deserve Attention⚡⚡ Giveaway🎉,UC_k-Bk8mErWg6kchpkw6Asg,2024-11-07T16:08:01Z,141090,9511,8332
2026-10-03,P059,v1,GKU9dIweTIk,Redmi Note 14 Pro Plus After 1 Year Review (2026) – Still Worth Buying?,UCf6H_wgSI9IZBPNK-8fayUQ,2026-01-18T08:07:35Z,9103,81,28
2026-10-03,P059,v1,H1ZWPqx18ow,"Redmi Note 14 Pro+ Indian Retail Unit Unboxing & First Look ⚡ 2.5X Telephoto, IP68 & More",UCEPL07qzVsOcHd3sMUws65g,2024-12-09T14:08:37Z,2958691,55943,3368
2026-10-03,P059,v1,H6sMPvLQq_Y,Redmi Note 14Pro Plus Detailed review. ഷവോമിക് എന്താണ് പറ്റിയത്. Truth? Redmi note 14Pro Malayalam,UCn4S6ONdetkpxfuOteHVHhQ,2024-12-29T10:20:18Z,188028,5176,461
2026-10-03,P059,v1,HtWjZSAHF2A,❌️ Don't Buy Redmi Note 14 Pro Plus 5G : 2! Biggest Problem,UCEHsdNk_0qXFU_Qof8lvO0w,2024-12-08T16:35:56Z,1449552,13764,513
2026-10-03,P059,v1,I1Tjep-jBVs,"Redmi Note 14 Pro+ 5G Unboxing in ಕನ್ನಡ⚡Snapdragon 7s Gen 3,AMOLED+Dolby Vision, 6200mAh +90W",UCPMDhcBogBPsrGQWf5qnArg,2025-01-06T13:30:18Z,130675,5268,211
2026-10-03,P059,v1,IQfrTDlHtVI,Redmi Note 14 Pro+ Unboxing : COMEBACK OR NOT?,UC8vlDm5xvbxOrCvdu9UNOiA,2024-10-30T15:30:07Z,106743,5379,202
2026-10-03,P059,v1,J3BaATDnG2o,Redmi Note 14 Pro Plus | Unboxing | Review | Hands On | First Look,UC7zw_RotPwM-8cb5ayQ_lGg,2024-10-14T05:29:57Z,581840,21844,145
2026-10-03,P059,v1,LxS55SijU54,Hyper OS Needs Improvement - Redmi Note 14 Pro Plus Review !,UCS261lQDXjMvc8Jck-2CQEg,2025-01-05T14:48:58Z,583212,23441,3356
2026-10-03,P059,v1,MltT3m11Re8,Redmi Note 14 Pro Plus Unboxing Budget Friendly Best Budget phone like you? #shorts #unboxing,UCsWXFpmDDCLzWmSaz2i-U6g,2024-09-26T14:53:51Z,615127,13569,50
2026-10-03,P059,v1,NKBv-YnSLlg,Redmi Note 14 Pro Plus Review,UCMMCMfCwT45Zd1I10hcb8mg,2024-10-11T08:00:17Z,35816,1195,203
2026-10-03,P059,v1,NoujGhtWS1k,Redmi Note 14 Pro Plus: Is It An Upgrade?,UCdp6GUwjKscp5ST4M4WgIpw,2024-12-11T11:34:24Z,279453,4649,382
2026-10-03,P059,v1,Ns2Jk0cJNYs,"Xiaomi Redmi Note 14 Pro Plus 5G | Unboxing, Camera, Gaming & Beyond!",UCVLN0tY51ewH44wUtx3YZTA,2025-01-10T10:59:00Z,293363,5907,481
2026-10-03,P059,v1,Oc10OKc57Mc,"Redmi Note 14 Pro Plus Unboxing | 200Mp,120Watt,iP69!!",UCheoCqHDwPcfS9Jrgz8siQw,2025-01-17T14:42:43Z,191856,5544,342
2026-10-03,P059,v1,OvS2CIfGI-E,Redmi Note 14 Pro Plus Review After 1 Month of Use,UCecxsnVHE6NFUvlNut1_MoQ,2025-01-05T13:59:06Z,51167,526,77
2026-10-03,P059,v1,QT7oMstpShg,Redmi Note 14 Pro+ 5G Unboxing and Review | Is It Worth the Upgrade?,UCaOV1eBHFLl18kH1bR0FmTA,2025-01-10T12:42:10Z,95620,1803,239
2026-10-03,P059,v1,RD0r3AO6R28,Redmi note 14 pro plus zoom test,UCtzam730WkXKPFJPE6bASpA,2025-10-12T11:40:03Z,1682970,24248,168
2026-10-03,P059,v1,SBE8T7MI3Ls,"Within five months,my Redmi Note 14 Pro Plus phone developed a green line issue#FirstphoneGreenLine😓",UC7LeRixgivR_-rl18KCsKRw,2025-08-31T07:08:05Z,632263,4434,192
2026-10-03,P059,v1,UjQJc0BY8Fo,Evaluando al Xiaomi Redmi Note 14 Pro+ 5G,UCxz7sBKlpcpyCiPwXupRymw,2025-03-18T05:00:30Z,219051,9025,182
2026-10-03,P059,v1,VvgNOsItz6o,¿QUÉ LE PASA A XIAOMI? | Redmi Note 14 Pro Plus Review,UC8IPcF4sxZt1TCs7la4EYtw,2025-03-24T15:04:20Z,238565,9952,865
2026-10-03,P059,v1,W26vTikVqk4,Redmi Note 14 Pro Plus Unboxing & Review 🔥 | 6200 mAh Battery 🔋 | IP68 Waterproof 💦,UCp3T5fUUJootTrVwGDdY6pw,2024-12-13T05:30:19Z,106407,1185,83
2026-10-03,P059,v1,XqO2TSxlznI,"Redmi Note 14 Pro Plus Unboxing - 50 MP Telephoto, IP 69K, SD 7s Gen 3, 6200 mAH | Camera Test",UCqOLFDSLrYKJUuSS0tQqvcw,2024-10-08T16:38:22Z,146000,3485,354
2026-10-03,P059,v1,aNDyOLNmUh0,¡Es HERMOSO pero...! • Redmi Note 14 Pro+ unboxing,UCtOKlTUZUw41b1rz8t5ll1g,2025-02-26T14:15:00Z,97080,3600,121
2026-10-03,P059,v1,auiDA6V3_3E,Redmi Note 14 Pro Plus Unboxing & First Look⚡The Real Pro Plus!?,UCEPL07qzVsOcHd3sMUws65g,2024-10-07T12:51:24Z,1984144,55250,1695
2026-10-03,P059,v1,b6lsSmPi3tQ,🔥Redmi Rocked 😱MrTT Shocked ⚡️REDMI NOTE 14 PRO Plus 🥸 UNBOXING‼️,UC20sXo8ReewkzNKBFgzVCPA,2024-10-19T12:27:06Z,575814,16636,1031
2026-10-03,P059,v1,bUG4zJI2UMU,Xiaomi Redmi Note 14 Pro+ 5G review: Flagship but cheaper!,UC0xLruy2ZFFpxR6ODgnhJXA,2025-01-10T11:00:51Z,23424,327,97
2026-10-03,P059,v1,bhVIRoGECGA,Realme 14 Pro Plus vs Redmi Note 14 Pro Plus: The Best Midrange Smartphone of 2025?,UCq30pSBD9tX6d5_xT5aNPoA,2025-01-16T14:01:22Z,280569,7264,546
2026-10-03,P059,v1,dZtxcza_M8k,Redmi Note 14 vs Redmi Note 14 pro vs Redmi Note 14 pro plus | Redmi 14 Series,UCnkwcuwSz-Ar4L3pRVFljIg,2024-12-04T12:15:40Z,102431,,23
2026-10-03,P059,v1,daVNPZW0BVc,Redmi Note 14 Pro Plus - Deadly Combination !,UCS261lQDXjMvc8Jck-2CQEg,2024-12-17T16:19:19Z,775375,26817,3660
2026-10-03,P059,v1,hbtnym5rdtU,"Eaí, o que vocês mais gostam no Redmi Note 14 Pro+ ?! 🤔👇🏼📲#Xiaomi #Redmi #RedmiNote14 #Review",UCnnAzRbUm_6mSqyqAJSkc_A,2025-07-23T15:01:29Z,57956,2441,58
2026-10-03,P059,v1,jwuBisbWjAc,😎 நல்லாத்தான் இருக்கு..! But யோசிங்க.😜 Redmi Note14 Pro #shorts #redminote14pro #redmi,UCnpBi6jWkLeBcHoEqtPDBJw,2024-12-23T09:30:14Z,486647,33832,259
2026-10-03,P059,v1,k5lADdxBTGI,redmi Note 14 Pro Plus Review! #review #smartphone #tech,UCOL_jnSeaZxOJUoNnDknIxw,2024-12-24T15:17:10Z,419016,10826,105
2026-10-03,P059,v1,l7mLNEt9zGI,Redmi Note 14 Pro+ Vs Samsung S24 Ultra - kitne der tak gaming karva ke dega...?,UC9CowaN91gLuFaFF92t9fWQ,2025-02-05T12:30:49Z,1101949,61344,145
2026-10-03,P059,v1,lO0Y_QPFNk0,Redmi note 14 pro plus underwater Photography | #XiaomiXplorers,UCTkNGDt3aU1ZJv_FqlKtIAw,2025-01-28T12:31:31Z,482608,7963,66
2026-10-03,P059,v1,mJvB4pILjD4,"Redmi Note 14 Pro + 5G VÀNG SA MẠC MỚI, thiết kế quá đã mà màn hình cũng ngon luôn!",UCjjsDJeZ0Kg7MhhiMmSUInw,2025-05-17T04:01:07Z,21544,,5
2026-10-03,P059,v1,ovuL2vj7RAk,Redmi Turned Worst | Ft. Redmi Note 14 Series | in Telugu | Redmi Note 14Pro Plus & 14Pro,UCBkYCgSTuzJmfyXVKEVfmJQ,2024-12-10T08:02:00Z,69682,2638,263
2026-10-03,P059,v1,qqqZK9VenVk,Redmi Note 14 Pro+ 5G: STRONGER… BUT IS IT BETTER? 🤔,UCst-F1upPxpie6i_jA6vpRw,2025-01-16T12:21:09Z,209584,2203,269
2026-10-03,P059,v1,s4rhy_jR7qw,"After using the Redmi Note 14 Pro+ Champagne gold for a week, here’s our honest take.",UCmQjwvkaB6MPobHnkNKtJJQ,2025-08-03T14:43:46Z,196768,3999,82
2026-10-03,P059,v1,sD9i-5EW6LU,Redmi Note 14 Pro Plus Review After 10 Days || Major Problems,UCBuVs6kEBf8v5j6IJVyOvWA,2024-12-20T12:15:20Z,36219,514,53
2026-10-03,P059,v1,tHcETzscrMA,Redmi Note 14 Pro 🔥 50MP Camera Look! Super AMOLED Display 😱 Flagship Style Phone! #Shorts,UCT8d8L6Y5UEEBctwrUnYW3Q,2025-10-04T10:45:04Z,1004334,7000,49
2026-10-03,P059,v1,tJdPNmEbwq0,Redmi Note 14 Pro Plus Unboxing & Impressions - கொஞ்சம் Upgrade கொஞ்சம் Downgrade!,UCmJlSkSkgdXama3GSUgMC4g,2024-10-09T11:42:32Z,199990,6575,237
2026-10-03,P059,v1,yZYnTSmvChU,REDMI NOTE 14 PRO PLUS 5G FULL REVIEW l REDMI NOTE 14 SERIES lredmi note pro l REDMI NOTE 14 #shorts,UC1QovbxoCvpJgOxe9uhRThw,2025-01-01T13:30:35Z,119462,1726,26
2026-10-03,P059,v1,z61BMZBXHuw,"Redmi Note 14 Pro + Indian Unit Unboxing - Best Phone Under 30,000 ?",UCXUJJNoP1QupwsYIWFXmsZg,2024-12-09T15:52:33Z,1062582,30297,1295
2026-10-03,P059,v1,zzbe0FtIr88,Redmi Note 14 Pro Plus Unboxing - 6200mAh🔋50MP Telephoto 📸 & More !,UCXUJJNoP1QupwsYIWFXmsZg,2024-10-10T17:44:40Z,1133100,30763,1228
