date,oppo reno 15,isPartial
2026-01-08,100,False
2026-01-09,78,False
2026-01-10,68,False
2026-01-11,54,False
2026-01-12,56,False
2026-01-13,55,False
2026-01-14,48,False
2026-01-15,47,False
2026-01-16,48,False
2026-01-17,45,False
2026-01-18,43,False
2026-01-19,40,False
2026-01-20,35,False
2026-01-21,36,False
2026-01-22,34,False
2026-01-23,28,False
2026-01-24,42,False
2026-01-25,45,False
2026-01-26,44,False
2026-01-27,34,False
2026-01-28,29,False
2026-01-29,34,False
2026-01-30,37,False
2026-01-31,32,False
2026-02-01,33,False
2026-02-02,34,False
2026-02-03,27,False
2026-02-04,25,False
2026-02-05,27,False
2026-02-06,28,False
2026-02-07,25,False
2026-02-08,26,False
2026-02-09,22,False
2026-02-10,22,False
2026-02-11,22,False
2026-02-12,23,False
2026-02-13,21,False
2026-02-14,23,False
2026-02-15,23,False
2026-02-16,21,False
2026-02-17,20,False
2026-02-18,20,False
2026-02-19,21,False
2026-02-20,23,False
2026-02-21,24,False
2026-02-22,24,False
2026-02-23,23,False
2026-02-24,24,False
2026-02-25,23,False
2026-02-26,20,False
2026-02-27,21,False
2026-02-28,23,False
2026-03-01,25,False
2026-03-02,22,False
2026-03-03,24,False
2026-03-04,21,False
2026-03-05,20,False
2026-03-06,23,False
2026-03-07,24,False
2026-03-08,24,False
2026-03-09,22,False
2026-03-10,21,False
2026-03-11,20,False
2026-03-12,21,False
2026-03-13,21,False
2026-03-14,21,False
2026-03-15,24,False
2026-03-16,21,False
2026-03-17,22,False
2026-03-18,21,False
2026-03-19,25,False
2026-03-20,23,False
2026-03-21,25,False
2026-03-22,29,False
2026-03-23,21,False
2026-03-24,19,False
2026-03-25,20,False
2026-03-26,21,False
2026-03-27,20,False
2026-03-28,21,False
2026-03-29,25,False
2026-03-30,21,False
2026-03-31,22,False
2026-04-01,23,False
2026-04-02,19,False
2026-04-03,19,False
2026-04-04,18,False
2026-04-05,22,False
2026-04-06,21,False
2026-04-07,20,False
2026-04-08,23,False
2026-04-09,24,False
2026-04-10,22,False
2026-04-11,21,False
2026-04-12,22,False
2026-04-13,20,False
2026-04-14,20,False
2026-04-15,19,False
2026-04-16,22,False
2026-04-17,21,False
2026-04-18,18,False
2026-04-19,21,False
2026-04-20,19,False
2026-04-21,17,False
2026-04-22,20,False
2026-04-23,17,False
2026-04-24,18,False
2026-04-25,19,False
2026-04-26,21,False
2026-04-27,19,False
2026-04-28,18,False
2026-04-29,17,False
2026-04-30,17,False
2026-05-01,18,False
2026-05-02,19,False
2026-05-03,20,False
2026-05-04,16,False
2026-05-05,19,False
2026-05-06,18,False
2026-05-07,19,False
2026-05-08,19,False
2026-05-09,21,False
2026-05-10,20,False
2026-05-11,17,False
2026-05-12,19,False
2026-05-13,17,False
2026-05-14,18,False
2026-05-15,21,False
2026-05-16,19,False
2026-05-17,20,False
2026-05-18,19,False
2026-05-19,20,False
2026-05-20,20,False
2026-05-21,19,False
2026-05-22,19,False
2026-05-23,19,False
2026-05-24,21,False
2026-05-25,20,False
2026-05-26,17,False
2026-05-27,20,False
2026-05-28,22,False
2026-05-29,19,False
2026-05-30,19,False
2026-05-31,21,False
2026-06-01,20,False
2026-06-02,20,False
2026-06-03,20,False
2026-06-04,21,False
2026-06-05,19,False
2026-06-06,21,False
2026-06-07,23,False
2026-06-08,20,False
2026-06-09,20,False
2026-06-10,20,False
2026-06-11,21,False
2026-06-12,20,False
2026-06-13,21,False
2026-06-14,24,False
2026-06-15,21,False
2026-06-16,22,False
2026-06-17,18,False
2026-06-18,21,False
2026-06-19,22,False
2026-06-20,31,False
2026-06-21,30,False
2026-06-22,25,False
2026-06-23,26,False
2026-06-24,25,False
2026-06-25,26,False
2026-06-26,24,False
2026-06-27,27,False
2026-06-28,26,False
2026-06-29,24,False
2026-06-30,24,False
2026-07-01,23,False
2026-07-02,26,False
2026-07-03,24,False
2026-07-04,24,False
2026-07-05,29,False
2026-07-06,23,False
2026-07-07,21,False
2026-07-08,23,False
2026-07-09,23,False
2026-07-10,21,False
2026-07-11,20,False
2026-07-12,24,False
2026-07-13,21,False
2026-07-14,20,False
2026-07-15,19,False
2026-07-16,18,False
2026-07-17,19,False
2026-07-18,20,False
2026-07-19,17,False
2026-07-20,18,False
2026-07-21,19,False
2026-07-22,19,False
2026-07-23,17,False
2026-07-24,16,False
2026-07-25,19,False
2026-07-26,21,False
2026-07-27,17,False
2026-07-28,17,False
2026-07-29,15,False
2026-07-30,16,False
2026-07-31,18,False
2026-08-01,18,False
2026-08-02,20,False
2026-08-03,17,False
2026-08-04,17,False
2026-08-05,18,False
2026-08-06,18,False
2026-08-07,18,False
2026-08-08,19,False
2026-08-09,22,False
2026-08-10,16,False
2026-08-11,18,False
2026-08-12,18,False
2026-08-13,18,False
2026-08-14,19,False
2026-08-15,21,False
2026-08-16,21,False
2026-08-17,18,False
2026-08-18,17,False
2026-08-19,17,False
2026-08-20,16,False
2026-08-21,16,False
2026-08-22,21,False
2026-08-23,20,False
2026-08-24,18,False
2026-08-25,18,False
2026-08-26,19,False
2026-08-27,16,False
2026-08-28,21,False
2026-08-29,19,False
2026-08-30,22,False
2026-08-31,17,False
2026-09-01,18,False
2026-09-02,16,False
2026-09-03,16,False
2026-09-04,17,False
2026-09-05,19,False
2026-09-06,19,False
2026-09-07,18,False
2026-09-08,21,False
2026-09-09,19,False
2026-09-10,19,False
2026-09-11,18,False
2026-09-12,21,False
2026-09-13,23,False
2026-09-14,21,False
2026-09-15,22,False
2026-09-16,21,False
2026-09-17,18,False
2026-09-18,18,False
2026-09-19,15,False
2026-09-20,12,False
2026-09-21,11,False
2026-09-22,17,False
2026-09-23,18,False
2026-09-24,18,False
2026-09-25,18,False
2026-09-26,18,False
2026-09-27,21,False
2026-09-28,19,False
2026-09-29,21,False
2026-09-30,20,False
2026-10-01,18,False
2026-10-02,23,False
2026-10-03,18,True
