run_timestamp,source,product_id,records_collected,status,error_message,quota_units
2026-10-03T16:17:57Z,youtube,P003,5,smoke_test_ok,,1
2026-10-03T16:25:29Z,youtube,P003,550,success,,7
2026-10-03T16:25:35Z,youtube,P006,550,success,,7
2026-10-03T16:25:40Z,youtube,P016,550,success,,7
2026-10-03T16:25:46Z,youtube,P018,376,success,,7
2026-10-03T16:25:51Z,youtube,P035,502,success,,7
2026-10-03T16:25:57Z,youtube,P043,550,success,,7
2026-10-03T16:26:03Z,youtube,P044,475,success,,7
2026-10-03T16:26:09Z,youtube,P046,550,success,,7
2026-10-03T16:26:15Z,youtube,P057,550,success,,7
2026-10-03T16:26:22Z,youtube,P059,544,success,,7
