product_id,product_name,trends_query,expected_filename,is_pilot,done,notes
P003,Apple iPhone Duo,iphone duo,raw/trends/P003_2026-10-03.csv,true,,
P006,Samsung Galaxy Z Flip 8,galaxy z flip 8,raw/trends/P006_2026-10-03.csv,true,,
P016,Poco X8 Power,poco x8 power,raw/trends/P016_2026-10-03.csv,true,,
P018,Vivo T5 5G,vivo t5,raw/trends/P018_2026-10-03.csv,true,,
P035,OnePlus 15R,oneplus 15r,raw/trends/P035_2026-10-03.csv,true,,
P043,Realme GT 8 Pro,realme gt 8 pro,raw/trends/P043_2026-10-03.csv,true,,
P044,Motorola Edge 70,motorola edge 70,raw/trends/P044_2026-10-03.csv,true,,
P046,Oppo Reno 15,oppo reno 15,raw/trends/P046_2026-10-03.csv,true,,
P057,Google Pixel 9,pixel 9,raw/trends/P057_2026-10-03.csv,true,,
P059,Redmi Note 14 Pro Plus,redmi note 14 pro plus,raw/trends/P059_2026-10-03.csv,true,,
P001,Apple iPhone 18 Pro,iphone 18 pro,raw/trends/P001_2026-10-03.csv,false,,
P002,Apple iPhone 18 Pro Max,iphone 18 pro max,raw/trends/P002_2026-10-03.csv,false,,
P004,Samsung Galaxy Z Fold 8,galaxy z fold 8,raw/trends/P004_2026-10-03.csv,false,,
P005,Samsung Galaxy Z Fold 8 Ultra,galaxy z fold 8 ultra,raw/trends/P005_2026-10-03.csv,false,,
P007,Samsung Galaxy S26 FE,galaxy s26 fe,raw/trends/P007_2026-10-03.csv,false,,
P008,Google Pixel 11,pixel 11,raw/trends/P008_2026-10-03.csv,false,,
P009,Google Pixel 11 Pro,pixel 11 pro,raw/trends/P009_2026-10-03.csv,false,,
P010,Google Pixel 11 Pro XL,pixel 11 pro xl,raw/trends/P010_2026-10-03.csv,false,,
P011,OnePlus 16,oneplus 16,raw/trends/P011_2026-10-03.csv,false,,
P012,Redmi Note 17 Pro,redmi note 17 pro,raw/trends/P012_2026-10-03.csv,false,,
P013,Redmi Note 17 Pro Max,redmi note 17 pro max,raw/trends/P013_2026-10-03.csv,false,,
P014,Redmi 17C 5G,redmi 17c,raw/trends/P014_2026-10-03.csv,false,,
P015,Poco X8,poco x8,raw/trends/P015_2026-10-03.csv,false,,
P017,Vivo V80,vivo v80,raw/trends/P017_2026-10-03.csv,false,,
P019,iQOO Z11,iqoo z11,raw/trends/P019_2026-10-03.csv,false,,
P020,Oppo Reno 16,oppo reno 16,raw/trends/P020_2026-10-03.csv,false,,
P021,Oppo F35 Pro,oppo f35 pro,raw/trends/P021_2026-10-03.csv,false,,
P022,Motorola Edge 70 Max,motorola edge 70 max,raw/trends/P022_2026-10-03.csv,false,,
P023,Nothing Phone (4b),nothing phone 4b,raw/trends/P023_2026-10-03.csv,false,,
P024,Infinix Hot 70 Pro 5G,infinix hot 70 pro,raw/trends/P024_2026-10-03.csv,false,,
P025,Apple iPhone 17,iphone 17,raw/trends/P025_2026-10-03.csv,false,,
P026,Apple iPhone 17e,iphone 17e,raw/trends/P026_2026-10-03.csv,false,,
P027,Samsung Galaxy S26 Ultra,galaxy s26 ultra,raw/trends/P027_2026-10-03.csv,false,,
P028,Samsung Galaxy S26,galaxy s26,raw/trends/P028_2026-10-03.csv,false,,
P029,Samsung Galaxy S26 Plus,galaxy s26 plus,raw/trends/P029_2026-10-03.csv,false,,
P030,Samsung Galaxy A57 5G,galaxy a57,raw/trends/P030_2026-10-03.csv,false,,
P031,Samsung Galaxy A37 5G,galaxy a37,raw/trends/P031_2026-10-03.csv,false,,
P032,Samsung Galaxy A17 5G,galaxy a17,raw/trends/P032_2026-10-03.csv,false,,
P033,Google Pixel 10a,pixel 10a,raw/trends/P033_2026-10-03.csv,false,,
P034,OnePlus 15,oneplus 15,raw/trends/P034_2026-10-03.csv,false,,
P036,OnePlus Nord 6,oneplus nord 6,raw/trends/P036_2026-10-03.csv,false,,
P037,Nothing Phone (4a),nothing phone 4a,raw/trends/P037_2026-10-03.csv,false,,
P038,Nothing Phone (3),nothing phone 3,raw/trends/P038_2026-10-03.csv,false,,
P039,Vivo X300 Pro,vivo x300 pro,raw/trends/P039_2026-10-03.csv,false,,
P040,Vivo X300,vivo x300,raw/trends/P040_2026-10-03.csv,false,,
P041,iQOO 15,iqoo 15,raw/trends/P041_2026-10-03.csv,false,,
P042,Realme 16 Pro Plus,realme 16 pro plus,raw/trends/P042_2026-10-03.csv,false,,
P045,Oppo Find X9 Pro,oppo find x9 pro,raw/trends/P045_2026-10-03.csv,false,,
P047,Redmi Note 15 Pro Plus,redmi note 15 pro plus,raw/trends/P047_2026-10-03.csv,false,,
P048,Poco F7,poco f7,raw/trends/P048_2026-10-03.csv,false,,
P049,Apple iPhone 17 Pro,iphone 17 pro,raw/trends/P049_2026-10-03.csv,false,,
P050,Apple iPhone 17 Pro Max,iphone 17 pro max,raw/trends/P050_2026-10-03.csv,false,,
P051,Apple iPhone 16,iphone 16,raw/trends/P051_2026-10-03.csv,false,,
P052,Apple iPhone 15,iphone 15,raw/trends/P052_2026-10-03.csv,false,,
P053,Samsung Galaxy S25 Ultra,galaxy s25 ultra,raw/trends/P053_2026-10-03.csv,false,,
P054,Samsung Galaxy S24 Ultra,galaxy s24 ultra,raw/trends/P054_2026-10-03.csv,false,,
P055,Samsung Galaxy Z Fold 7,galaxy z fold 7,raw/trends/P055_2026-10-03.csv,false,,
P056,Google Pixel 10 Pro,pixel 10 pro,raw/trends/P056_2026-10-03.csv,false,,
P058,OnePlus 13,oneplus 13,raw/trends/P058_2026-10-03.csv,false,,
P060,Vivo X200 Pro,vivo x200 pro,raw/trends/P060_2026-10-03.csv,false,,
