product_id,query,method,timeframe,geo,collected_at_utc,rows,first_date,last_date,partial_rows,status
P001,iphone 18 pro,pytrends,2026-01-08 2026-10-03,IN,2026-10-03T21:29:24Z,269,2026-01-08,2026-10-03,1,1 isPartial row(s)
P002,iphone 18 pro max,pytrends,2026-01-08 2026-10-03,IN,2026-10-03T21:30:12Z,269,2026-01-08,2026-10-03,1,1 isPartial row(s)
P003,iphone duo,pytrends,2026-01-08 2026-10-03,IN,2026-10-03T21:11:34Z,269,2026-01-08,2026-10-03,1,1 isPartial row(s)
P004,galaxy z fold 8,pytrends,2026-01-08 2026-10-03,IN,2026-10-03T21:31:07Z,269,2026-01-08,2026-10-03,1,1 isPartial row(s)
P005,galaxy z fold 8 ultra,pytrends,2026-01-08 2026-10-03,IN,2026-10-03T21:31:55Z,269,2026-01-08,2026-10-03,1,1 isPartial row(s)
P006,galaxy z flip 8,pytrends,2026-01-08 2026-10-03,IN,2026-10-03T21:11:49Z,269,2026-01-08,2026-10-03,1,1 isPartial row(s)
P007,galaxy s26 fe,pytrends,2026-01-08 2026-10-03,IN,2026-10-03T21:33:47Z,269,2026-01-08,2026-10-03,1,1 isPartial row(s)
P008,pixel 11,pytrends,2026-01-08 2026-10-03,IN,2026-10-03T21:34:59Z,269,2026-01-08,2026-10-03,1,1 isPartial row(s)
P009,pixel 11 pro,pytrends,2026-01-08 2026-10-03,IN,2026-10-03T21:35:58Z,269,2026-01-08,2026-10-03,1,1 isPartial row(s)
P010,pixel 11 pro xl,pytrends,2026-01-08 2026-10-03,IN,2026-10-03T21:37:04Z,269,2026-01-08,2026-10-03,1,1 isPartial row(s)
P011,oneplus 16,pytrends,2026-01-08 2026-10-03,IN,2026-10-03T21:38:02Z,269,2026-01-08,2026-10-03,1,1 isPartial row(s)
P012,redmi note 17 pro,pytrends,2026-01-08 2026-10-03,IN,2026-10-03T21:38:57Z,269,2026-01-08,2026-10-03,1,1 isPartial row(s)
P013,redmi note 17 pro max,pytrends,2026-01-08 2026-10-03,IN,2026-10-03T21:39:44Z,269,2026-01-08,2026-10-03,1,1 isPartial row(s)
P014,redmi 17c,pytrends,2026-01-08 2026-10-03,IN,2026-10-03T21:40:41Z,269,2026-01-08,2026-10-03,1,1 isPartial row(s)
P015,poco x8,pytrends,2026-01-08 2026-10-03,IN,2026-10-03T21:41:52Z,269,2026-01-08,2026-10-03,1,1 isPartial row(s)
P016,poco x8 power,pytrends,2026-01-08 2026-10-03,IN,2026-10-03T21:14:06Z,269,2026-01-08,2026-10-03,1,1 isPartial row(s)
P017,vivo v80,pytrends,2026-01-08 2026-10-03,IN,2026-10-03T21:42:39Z,269,2026-01-08,2026-10-03,1,1 isPartial row(s)
P018,vivo t5,pytrends,2026-01-08 2026-10-03,IN,2026-10-03T21:16:17Z,269,2026-01-08,2026-10-03,1,1 isPartial row(s)
P019,iqoo z11,pytrends,2026-01-08 2026-10-03,IN,2026-10-03T21:43:26Z,269,2026-01-08,2026-10-03,1,1 isPartial row(s)
P020,oppo reno 16,pytrends,2026-01-08 2026-10-03,IN,2026-10-03T21:50:06Z,269,2026-01-08,2026-10-03,1,1 isPartial row(s)
P021,oppo f35 pro,pytrends,2026-01-08 2026-10-03,IN,2026-10-03T21:50:59Z,269,2026-01-08,2026-10-03,1,1 isPartial row(s)
P022,motorola edge 70 max,pytrends,2026-01-08 2026-10-03,IN,2026-10-03T21:51:35Z,269,2026-01-08,2026-10-03,1,1 isPartial row(s)
P023,nothing phone 4b,pytrends,2026-01-08 2026-10-03,IN,2026-10-03T21:52:42Z,269,2026-01-08,2026-10-03,1,1 isPartial row(s)
P024,infinix hot 70 pro,pytrends,2026-01-08 2026-10-03,IN,2026-10-03T21:53:30Z,269,2026-01-08,2026-10-03,1,1 isPartial row(s)
P025,iphone 17,pytrends,2026-01-08 2026-10-03,IN,2026-10-03T21:54:44Z,269,2026-01-08,2026-10-03,1,1 isPartial row(s)
P026,iphone 17e,pytrends,2026-01-08 2026-10-03,IN,2026-10-03T21:55:51Z,269,2026-01-08,2026-10-03,1,1 isPartial row(s)
P027,galaxy s26 ultra,pytrends,2026-01-08 2026-10-03,IN,2026-10-03T21:56:32Z,269,2026-01-08,2026-10-03,1,1 isPartial row(s)
P028,galaxy s26,pytrends,2026-01-08 2026-10-03,IN,2026-10-03T21:57:09Z,269,2026-01-08,2026-10-03,1,1 isPartial row(s)
P029,galaxy s26 plus,pytrends,2026-01-08 2026-10-03,IN,2026-10-03T21:57:48Z,269,2026-01-08,2026-10-03,1,1 isPartial row(s)
P030,galaxy a57,pytrends,2026-01-08 2026-10-03,IN,2026-10-03T21:58:34Z,269,2026-01-08,2026-10-03,1,1 isPartial row(s)
P031,galaxy a37,pytrends,2026-01-08 2026-10-03,IN,2026-10-03T21:59:49Z,269,2026-01-08,2026-10-03,1,1 isPartial row(s)
P032,galaxy a17,pytrends,2026-01-08 2026-10-03,IN,2026-10-03T22:00:30Z,269,2026-01-08,2026-10-03,1,1 isPartial row(s)
P033,pixel 10a,pytrends,2026-01-08 2026-10-03,IN,2026-10-03T22:01:19Z,269,2026-01-08,2026-10-03,1,1 isPartial row(s)
P034,oneplus 15,pytrends,2026-01-08 2026-10-03,IN,2026-10-03T22:01:54Z,269,2026-01-08,2026-10-03,1,1 isPartial row(s)
P035,oneplus 15r,pytrends,2026-01-08 2026-10-03,IN,2026-10-03T21:17:29Z,269,2026-01-08,2026-10-03,1,1 isPartial row(s)
P036,oneplus nord 6,pytrends,2026-01-08 2026-10-03,IN,2026-10-04T04:52:26Z,269,2026-01-08,2026-10-03,0,ok
P037,nothing phone 4a,pytrends,2026-01-08 2026-10-03,IN,2026-10-04T04:53:36Z,269,2026-01-08,2026-10-03,0,ok
P038,nothing phone 3,pytrends,2026-01-08 2026-10-03,IN,2026-10-04T04:54:12Z,269,2026-01-08,2026-10-03,0,ok
P039,vivo x300 pro,pytrends,2026-01-08 2026-10-03,IN,2026-10-04T04:55:23Z,269,2026-01-08,2026-10-03,0,ok
P040,vivo x300,pytrends,2026-01-08 2026-10-03,IN,2026-10-04T04:56:40Z,269,2026-01-08,2026-10-03,0,ok
P041,iqoo 15,pytrends,2026-01-08 2026-10-03,IN,2026-10-04T04:57:29Z,269,2026-01-08,2026-10-03,0,ok
P042,realme 16 pro plus,pytrends,2026-01-08 2026-10-03,IN,2026-10-04T04:58:33Z,269,2026-01-08,2026-10-03,0,ok
P043,realme gt 8 pro,pytrends,2026-01-08 2026-10-03,IN,2026-10-03T21:18:31Z,269,2026-01-08,2026-10-03,1,1 isPartial row(s)
P044,motorola edge 70,pytrends,2026-01-08 2026-10-03,IN,2026-10-03T21:19:08Z,269,2026-01-08,2026-10-03,1,1 isPartial row(s)
P045,oppo find x9 pro,pytrends,2026-01-08 2026-10-03,IN,2026-10-04T04:59:09Z,269,2026-01-08,2026-10-03,0,ok
P046,oppo reno 15,pytrends,2026-01-08 2026-10-03,IN,2026-10-03T21:20:22Z,269,2026-01-08,2026-10-03,1,1 isPartial row(s)
P047,redmi note 15 pro plus,pytrends,2026-01-08 2026-10-03,IN,2026-10-04T04:59:55Z,269,2026-01-08,2026-10-03,0,ok
P048,poco f7,pytrends,2026-01-08 2026-10-03,IN,2026-10-04T05:01:01Z,269,2026-01-08,2026-10-03,0,ok
P049,iphone 17 pro,pytrends,2026-01-08 2026-10-03,IN,2026-10-04T05:02:13Z,269,2026-01-08,2026-10-03,0,ok
P050,iphone 17 pro max,pytrends,2026-01-08 2026-10-03,IN,2026-10-04T05:02:51Z,269,2026-01-08,2026-10-03,0,ok
P051,iphone 16,pytrends,2026-01-08 2026-10-03,IN,2026-10-04T05:03:35Z,269,2026-01-08,2026-10-03,0,ok
P052,iphone 15,pytrends,2026-01-08 2026-10-03,IN,2026-10-04T05:04:39Z,269,2026-01-08,2026-10-03,0,ok
P053,galaxy s25 ultra,pytrends,2026-01-08 2026-10-03,IN,2026-10-04T05:05:55Z,269,2026-01-08,2026-10-03,0,ok
P054,galaxy s24 ultra,pytrends,2026-01-08 2026-10-03,IN,2026-10-04T05:07:37Z,269,2026-01-08,2026-10-03,0,ok
P055,galaxy z fold 7,pytrends,2026-01-08 2026-10-03,IN,2026-10-04T05:08:48Z,269,2026-01-08,2026-10-03,0,ok
P056,pixel 10 pro,pytrends,2026-01-08 2026-10-03,IN,2026-10-04T05:09:23Z,269,2026-01-08,2026-10-03,0,ok
P057,pixel 9,pytrends,2026-01-08 2026-10-03,IN,2026-10-03T21:21:28Z,269,2026-01-08,2026-10-03,1,1 isPartial row(s)
P058,oneplus 13,pytrends,2026-01-08 2026-10-03,IN,2026-10-04T05:10:31Z,269,2026-01-08,2026-10-03,0,ok
P059,redmi note 14 pro plus,pytrends,2026-01-08 2026-10-03,IN,2026-10-03T21:22:16Z,269,2026-01-08,2026-10-03,1,1 isPartial row(s)
P060,vivo x200 pro,pytrends,2026-01-08 2026-10-03,IN,2026-10-04T05:11:44Z,269,2026-01-08,2026-10-03,0,ok
